http://www.bestbuy.com/site/mobile-cell-phones/iphone/pcmcat305200050000.c?id=pcmcat305200050000 , 14,28,6,0,11,0,83,5,6,0,0,29,181,2,27,0,10,57,34,0,0,0,0,0,0,0,9,0,0,0,0,0,0,0,0,0,
http://www.bestbuy.com/site/mobile-cell-phones/iphone/pcmcat305200050000.c?id=pcmcat305200050000 , 14,28,6,0,11,0,83,5,6,0,0,29,181,2,27,0,10,57,34,0,0,0,0,0,0,0,9,0,0,0,0,0,0,0,0,0,
http://www.bestbuy.com/site/mobile-cell-phones/iphone/pcmcat305200050000.c?id=pcmcat305200050000 , 14,28,6,0,11,0,83,5,6,0,0,29,181,2,27,0,10,57,34,0,0,0,0,0,0,0,9,0,0,0,0,0,0,0,0,0,
http://www.bestbuy.com/site/mobile-cell-phones/iphone/pcmcat305200050000.c?id=pcmcat305200050000 , 14,28,6,0,11,0,83,5,6,0,0,29,181,2,27,0,10,57,34,0,0,0,0,0,0,0,9,0,0,0,0,0,0,0,0,0,
http://www.bestbuy.com/site/mobile-cell-phones/iphone/pcmcat305200050000.c?id=pcmcat305200050000 , 14,28,6,0,11,0,83,5,6,0,0,29,181,2,27,0,10,57,34,0,0,0,0,0,0,0,9,0,0,0,0,0,0,0,0,0,
http://www.bestbuy.com/site/mobile-cell-phones/iphone/pcmcat305200050000.c?id=pcmcat305200050000 , 14,28,6,0,11,0,83,5,6,0,0,29,181,2,27,0,10,57,34,0,0,0,0,0,0,0,9,0,0,0,0,0,0,0,0,0,
http://www.bestbuy.com/site/mobile-cell-phones/iphone/pcmcat305200050000.c?id=pcmcat305200050000 , 14,28,6,0,11,0,83,5,6,0,0,29,181,2,27,0,10,57,34,0,0,0,0,0,0,0,9,0,0,0,0,0,0,0,0,0,
http://www.bestbuy.com/site/mobile-cell-phones/iphone/pcmcat305200050000.c?id=pcmcat305200050000 , 14,28,6,0,11,0,83,5,6,0,0,29,181,2,27,0,10,57,34,0,0,0,0,0,0,0,9,0,0,0,0,0,0,0,0,0,
http://www.bestbuy.com/site/mobile-cell-phones/iphone/pcmcat305200050000.c?id=pcmcat305200050000 , 14,28,6,0,11,0,83,5,6,0,0,29,181,2,27,0,10,57,34,0,0,0,0,0,0,0,9,0,0,0,0,0,0,0,0,0,
http://www.bestbuy.com/site/mobile-cell-phones/iphone/pcmcat305200050000.c?id=pcmcat305200050000 , 14,28,6,0,11,0,83,5,6,0,0,29,181,2,27,0,10,57,34,0,0,0,0,0,0,0,9,0,0,0,0,0,0,0,0,0,
http://www.bestbuy.com/site/mobile-cell-phones/iphone/pcmcat305200050000.c?id=pcmcat305200050000 , 14,28,6,0,11,0,83,5,6,0,0,29,181,2,27,0,10,57,34,0,0,0,0,0,0,0,9,0,0,0,0,0,0,0,0,0,
http://www.bestbuy.com/site/mobile-cell-phones/iphone/pcmcat305200050000.c?id=pcmcat305200050000 , 14,28,6,0,11,0,83,5,6,0,0,29,181,2,27,0,10,57,34,0,0,0,0,0,0,0,9,0,0,0,0,0,0,0,0,0,
http://www.bestbuy.com/site/mobile-cell-phones/iphone/pcmcat305200050000.c?id=pcmcat305200050000 , 1,5,0,0,1,0,10,1,0,0,0,1,5,1,6,0,2,0,8,0,0,0,0,0,0,0,0,0,0,0,0,0,0,0,0,0,
http://www.bestbuy.com/site/mobile-cell-phones/iphone/pcmcat305200050000.c?id=pcmcat305200050000 , 1,5,0,0,1,0,10,1,0,0,0,1,5,1,6,0,2,0,8,0,0,0,0,0,0,0,0,0,0,0,0,0,0,0,0,0,
