URL,description-shop,description-sell,description-price,description-store,description-buy,description-deal,keywords-shop,keywords-sale,keywords-store,keywords-buy,title-shop,title-sale,title-price,title-buy,links-cart,links-shop,links-sell,links-sale,links-wish list,links-order,links-price,links-$,links-ils,links-pay,links-store,links-buy,links-offers,links-deals,links-product,links-deal,links-bag,links-PAYMENT,links-add to cart,links-add to basket,links-add to wishlist,links-track order,links-wishlist,h1-sale,h1-wish list,h1-order,h1-ils,h1-store,h2-sale,h2-buy,h2-product,h2-item,h3-shop,h3-order,h3-pay,h3-buy,h3-product,URL-shop,URL-product,classes-cart,classes-shop,classes-sell,classes-sale,classes-wish list,classes-order,classes-price,classes-ils,classes-pay,classes-store,classes-buy,classes-offers,classes-deals,classes-basket,classes-product,classes-item,classes-bag,classes-visa,classes-paypal,classes-PAYMENT,classes-add to cart,classes-add to basket,classes-add to wishlist,classes-track order,classes-wishlist,ForSell
"http://www.htc.com/us/htc-one-m9-give-away/" , 0,0,0,0,0,0,0,0,0,0,0,0,0,0,1,0,0,0,0,6,0,0,0,0,0,0,0,3,0,0,0,0,0,0,0,0,0,0,0,0,0,0,0,0,0,0,0,0,0,0,0,0,1,0,0,0,0,6,0,0,0,0,0,0,3,0,0,10,0,0,0,0,0,0,0,0,0,0,0
"http://www.trustedreviews.com/shure-se215-review" , 0,0,0,0,0,0,0,0,0,0,0,0,0,0,0,0,0,0,0,1,1,0,0,0,0,1,0,0,2,0,0,0,0,0,0,0,0,0,0,0,0,0,0,0,0,0,0,0,1,0,0,0,0,0,0,0,0,1,3,5,0,0,0,1,0,4,0,2,6,0,0,0,0,0,0,0,0,0,0
"http://www.boxwind.com/popular/he/%D7%97%D7%A0%D7%95%D7%AA-%D7%90%D7%95%D7%A4%D7%A0%D7%94" , 0,0,0,0,0,0,0,0,0,0,0,0,0,0,0,0,0,0,0,0,0,0,0,0,0,0,0,0,0,0,0,0,0,0,0,0,0,0,0,0,0,0,0,0,0,0,0,0,0,0,0,0,0,0,0,0,0,0,0,0,0,0,0,0,0,0,0,0,0,0,0,0,0,0,0,0,0,0,0
"http://www.trustedreviews.com/monster-isport-immersion-review" , 0,0,0,0,0,0,0,0,0,0,0,0,0,0,0,0,0,0,0,1,1,0,0,0,0,1,0,0,2,0,0,0,0,0,0,0,0,0,0,0,0,0,0,0,0,0,0,0,1,0,0,0,1,0,0,0,0,1,4,5,0,0,0,1,0,4,0,4,6,1,0,0,0,0,0,0,0,0,0
"http://headphones.reviewed.com/content/monster-isport-victory-review" , 0,0,0,0,0,0,0,0,0,0,0,0,0,0,0,1,0,0,0,4,0,22,0,0,0,2,0,0,0,0,0,0,0,0,0,0,0,0,0,0,0,0,0,1,0,0,0,0,0,0,0,0,0,1,0,2,0,4,3,27,0,0,1,4,1,0,0,6,1,2,0,0,0,0,0,0,0,0,0
"http://www.macworld.co.uk/review/headphones/shure-se215-review-3309828/" , 0,0,0,0,0,0,0,0,0,0,0,0,0,0,0,0,2,0,0,0,2,0,0,0,1,4,1,0,0,0,0,0,0,0,0,0,0,0,0,0,0,0,0,0,0,0,0,0,0,0,0,0,0,0,2,0,0,0,4,0,1,0,1,4,1,0,0,0,0,0,0,0,0,0,0,0,0,0,0
"http://www.whathifi.com/shure/se215/review" , 0,0,1,0,0,0,0,0,0,0,0,0,0,0,0,0,0,1,0,0,1,0,0,0,2,4,0,1,0,0,0,0,0,0,0,0,0,0,0,0,0,0,3,0,0,0,0,0,0,0,0,0,0,0,0,1,0,0,2,0,0,0,2,7,2,0,0,1,1,0,0,0,0,0,0,0,0,0,0
"http://www.expertreviews.co.uk/tvs-entertainment/headphones/51437/shure-se215-review" , 0,0,0,0,0,0,0,0,0,0,0,0,0,0,0,1,0,0,0,0,1,0,0,0,0,2,0,0,0,0,0,0,0,0,0,0,0,0,0,0,0,0,0,0,0,0,0,0,0,0,0,0,0,1,0,0,0,0,5,0,3,0,0,4,0,0,0,3,0,0,0,0,0,0,0,0,0,0,0
"http://www.cnet.com/products/shure-se215-black/user-reviews/" , 0,0,0,0,0,0,0,0,0,0,0,0,0,0,0,0,0,0,0,0,3,2,0,0,0,0,0,1,3,0,0,0,0,0,0,0,0,0,0,0,0,0,1,0,0,0,0,0,0,0,0,1,0,0,0,0,0,0,3,2,0,0,0,1,0,3,0,1,0,0,0,0,0,0,0,0,0,0,0
"http://www.pcmag.com/article2/0,2817,2399605,00.asp" , 0,0,0,0,0,1,0,0,0,0,0,0,0,0,0,1,8,0,0,0,8,1,0,0,0,0,0,0,2,0,0,0,0,0,0,0,0,0,0,0,0,0,0,0,0,0,0,0,0,1,0,0,0,1,8,1,0,0,9,13,0,0,0,0,0,2,0,2,0,1,1,0,0,0,0,0,0,0,0
"http://www.yugatech.com/search/+ASUS+X455L+DRIVER/" , 0,0,0,0,0,0,0,0,0,0,0,0,0,0,0,0,0,1,0,0,3,0,0,0,0,0,1,0,0,0,0,0,0,0,0,0,0,0,0,0,0,0,0,0,0,0,0,0,0,0,0,0,0,0,0,1,0,0,3,0,0,0,0,0,1,0,0,0,0,0,0,0,0,0,0,0,0,0,0
"http://www.shure.com/americas/where-to-buy/in-store" , 0,0,0,0,0,0,0,0,0,0,0,0,0,1,0,0,0,1,0,0,0,0,0,0,4,1,0,8,2,0,0,0,0,0,0,0,0,0,0,0,0,0,0,0,0,0,0,0,0,0,0,0,0,0,0,1,0,0,0,0,0,0,9,3,0,0,0,11,0,0,0,0,0,0,0,0,0,0,0
"http://www.yugatech.com/search/+ASUS+X455L+DRIVER/" , 0,0,0,0,0,0,0,0,0,0,0,0,0,0,0,0,0,1,0,0,3,0,0,0,0,0,1,0,0,0,0,0,0,0,0,0,0,0,0,0,0,0,0,0,0,0,0,0,0,0,0,0,0,0,0,1,0,0,3,0,0,0,0,0,1,0,0,0,0,0,0,0,0,0,0,0,0,0,0
"http://www.3g.co.uk/PR/August2014/htc-one-m9-release-date-specification-and-price.html" , 0,0,1,0,0,0,0,0,0,0,0,0,1,0,0,0,0,0,0,0,2,0,0,0,2,5,0,0,14,0,0,0,0,0,0,0,0,0,0,0,0,0,0,0,0,0,0,0,3,0,0,0,0,1,0,1,0,0,7,0,1,0,3,5,0,15,0,2,1,0,0,0,0,0,0,0,0,0,0
"http://recode.net/2014/10/21/review-apples-ipad-air-2-is-better-but-is-it-better-enough/" , 0,0,0,0,0,0,0,0,0,0,0,0,0,0,0,0,0,0,0,0,0,0,0,1,0,1,0,1,0,0,0,0,0,0,0,0,0,0,0,0,0,0,0,0,0,0,0,0,0,0,0,0,0,0,2,1,0,0,5,9,0,4,2,2,1,0,0,5,0,0,0,0,1,0,0,0,0,0,0
"http://timesofindia.indiatimes.com/tech/reviews/Asus-Fonepad-7-Dual-Sim-review-A-value-for-money-tablet/articleshow/34191113.cms" , 0,0,0,0,0,0,0,0,0,0,0,0,0,0,0,1,0,0,0,0,1,0,1,0,0,2,0,0,0,0,0,0,0,0,0,0,0,0,0,0,0,0,0,0,0,0,0,0,0,0,0,0,0,1,0,0,0,0,3,0,1,0,0,2,13,0,1,0,1,0,0,0,0,0,0,0,0,0,0
"http://www.techradar.com/reviews/audio-visual/hi-fi-and-audio/headphones/shure-se215-1288755/review" , 0,0,0,0,0,0,0,0,0,0,0,0,0,0,0,0,0,0,0,0,3,0,0,0,0,0,0,0,2,0,0,0,0,0,0,0,0,0,0,0,0,0,0,0,0,0,0,0,0,0,0,0,0,0,0,0,0,1,6,4,1,0,0,2,1,5,0,1,0,0,0,0,0,0,0,0,0,0,0
"http://lifehacker.com/5800772/how-to-choose-the-perfect-pair-of-headphones" , 0,0,0,0,0,0,1,0,0,1,0,0,0,0,0,5,0,0,0,0,0,5,0,0,0,5,0,0,0,0,0,0,0,0,0,0,0,0,0,0,0,0,0,0,0,0,0,0,1,0,0,0,0,6,1,0,0,0,16,40,0,2,10,15,0,0,0,1,0,0,0,0,0,0,0,0,0,0,0
"http://www.outdoorgearlab.com/Sport-Headphones-Reviews/Monster-ISport-Intensity" , 0,0,0,0,0,0,0,0,0,0,0,0,0,0,0,0,2,0,0,0,2,1,0,0,0,0,0,1,0,0,0,0,0,0,0,0,0,0,0,0,0,0,0,0,0,0,0,0,0,0,0,0,0,0,7,2,0,0,7,16,2,0,0,5,1,0,0,3,0,0,0,0,0,0,0,0,0,0,0
"http://www.ehow.com/ehow-tech/blog/tablet-showdown-the-google-nexus-9-vs-the-apple-ipad-air-2/" , 0,1,0,0,0,0,0,0,0,0,0,0,0,0,0,0,0,0,0,0,0,0,0,0,0,0,0,0,0,0,0,0,0,0,0,0,0,0,0,0,0,0,0,0,0,0,0,0,0,0,0,0,0,1,0,1,0,0,2,4,0,0,0,2,1,0,0,1,0,0,0,0,0,0,0,0,0,0,0
"http://www.t3.com/features/the-best-ipad-air-2-cases-and-covers-to-buy" , 0,0,0,0,0,0,0,0,0,0,0,0,0,1,0,0,0,0,0,0,0,0,0,0,0,4,0,0,0,0,0,0,0,0,0,0,0,0,0,0,0,0,0,0,0,0,0,0,0,0,0,0,0,0,0,0,0,0,0,4,1,0,2,7,2,2,0,1,0,2,0,0,0,0,0,0,0,0,0
"http://www.yugatech.com/search/asus+x455L/" , 0,0,0,0,0,0,0,0,0,0,0,0,0,0,0,1,0,3,0,0,6,0,0,0,0,0,2,1,0,0,0,0,0,0,0,0,0,0,0,0,0,0,0,0,0,0,0,0,0,0,0,0,0,1,0,3,0,0,6,0,0,0,0,0,2,0,0,1,0,0,0,0,0,0,0,0,0,0,0
"http://www.tesco.com/direct/asus-x451ca-14-laptop-intel-core-i3-4gb-ram-500gb-white/324-2928.prd" , 0,0,1,0,1,0,0,0,0,0,0,0,0,1,0,10,0,0,0,12,1,0,9,4,2,2,4,4,0,10,0,0,0,1,0,2,0,0,0,0,0,0,0,0,1,0,0,0,0,3,0,0,0,12,1,0,0,13,1,0,9,4,15,4,6,0,9,11,4,10,1,0,0,0,0,1,0,2,0
"http://www.tipidpc.com/viewitem.php?iid=33606428" , 0,0,0,0,0,0,0,0,0,0,0,0,0,0,0,0,0,2,0,0,0,0,0,0,0,1,0,1,0,0,0,0,0,0,0,0,0,0,0,0,0,0,0,0,1,2,0,0,2,0,0,0,0,2,1,6,0,4,1,0,1,0,0,5,0,0,0,2,11,0,0,0,0,0,0,0,0,0,0
"http://the-gadgeteer.com/2011/12/09/monster-isport-immersion-in-ear-headphones-with-controltalk-review/" , 0,0,0,0,0,0,0,0,0,0,0,0,0,0,0,0,0,0,0,0,0,0,0,0,0,0,0,0,0,1,0,0,0,0,0,0,0,0,0,0,0,0,0,0,0,0,0,0,0,1,0,0,0,0,0,0,0,0,6,4,2,1,1,1,0,0,0,1,3,1,0,0,0,0,0,0,0,0,0
"http://www.head-fi.org/t/696311/shure-se215-ranting-read-this-before-buying-wrong-headphones-or-iem" , 0,0,0,0,0,0,0,0,0,0,0,0,0,1,0,0,0,0,0,0,4,3,0,0,0,8,0,0,0,0,0,0,0,0,0,0,0,0,0,0,0,0,0,0,0,0,0,0,0,0,0,0,0,2,2,24,0,0,10,7,1,3,0,26,0,4,0,27,0,0,0,0,0,0,0,0,0,0,0
"http://www.macworld.com/article/1164210/buying-guide-find-the-best-ipad-keyboard.html" , 0,0,0,0,0,0,0,0,0,0,0,0,0,1,0,0,0,0,0,0,0,2,0,0,0,1,0,1,0,0,0,0,0,0,0,0,0,0,0,0,0,0,0,0,0,0,0,0,1,0,0,0,0,5,0,0,1,1,7,31,1,0,1,9,9,0,0,9,0,0,0,0,0,0,0,0,0,0,0
"http://www.bestbuy.com/site/brands/asus/pcmcat190000050006.c?id=pcmcat190000050006" , 1,0,0,0,1,0,0,0,0,0,0,0,0,1,1,4,0,2,0,11,2,0,0,1,2,5,2,3,4,0,1,0,0,0,0,0,0,0,0,0,0,0,0,0,0,2,2,0,3,0,0,0,1,8,0,3,0,13,3,0,0,1,2,14,4,6,0,3,0,0,0,0,1,0,0,0,0,0,0
"http://www.techradar.com/news/phone-and-communications/mobile-phones/htc-one-m9-release-date-where-can-i-get-it--1286561" , 0,0,0,0,1,0,0,0,0,0,0,0,0,0,0,0,0,0,0,1,2,0,0,0,1,0,0,0,2,0,0,0,0,0,0,0,0,0,0,0,0,0,0,0,0,0,0,0,0,0,0,0,0,0,2,2,0,5,4,0,2,2,3,2,0,8,0,2,0,0,0,0,0,0,0,0,0,0,0
"http://www.complex.com/sneakers/2012/08/gear-guide-the-10-best-headphones-for-runners-to-buy-now" , 0,0,0,0,0,0,0,0,0,0,0,0,0,1,0,1,0,0,0,0,0,0,0,0,0,0,0,0,0,0,0,0,0,0,0,0,0,0,0,0,0,0,0,0,0,0,0,0,0,0,0,0,0,1,0,0,0,0,1,11,0,0,0,2,0,0,0,0,0,0,0,0,0,0,0,0,0,0,0
"http://www.bleepingcomputer.com/forums/t/553743/ipad-air-2/" , 0,0,0,0,1,0,0,0,0,0,0,0,0,1,0,0,0,0,0,0,0,0,0,0,0,3,0,0,0,0,0,0,0,0,0,0,0,0,0,0,0,0,0,0,0,0,0,0,0,0,0,0,0,0,0,0,0,0,0,0,0,0,0,4,0,0,0,0,1,0,0,0,0,0,0,0,0,0,0
"http://www.reddit.com/r/ipad/comments/2x8e6z/ipad_air_versus_ipad_air_2_which_do_i_buy/" , 0,0,0,0,0,0,0,0,0,0,0,0,0,1,0,2,0,0,0,0,0,0,1,0,1,2,0,0,0,0,0,0,0,0,0,0,0,0,0,0,0,0,0,0,0,0,0,0,0,0,0,0,0,2,1,3,0,2,2,4,1,0,3,6,0,1,0,2,0,0,0,0,0,0,0,0,0,0,0
"http://www.logitech.com/en-us/product/type-plus-keyboard-ipad-air2" , 0,0,0,0,0,0,0,0,0,0,0,0,0,0,3,0,0,0,0,0,0,0,0,0,0,0,1,1,0,0,0,2,0,0,0,0,0,0,0,0,0,0,0,0,0,0,0,0,0,0,0,1,3,0,0,0,0,4,0,0,0,0,0,0,1,0,0,4,1,0,0,0,0,2,0,0,0,0,0
"http://www.engadget.com/2014/11/19/irl-gopro-hero4/" , 0,0,0,0,0,0,0,0,0,0,0,0,0,0,0,0,0,0,0,1,0,6,0,0,0,5,0,0,0,0,0,0,0,0,0,0,0,0,0,0,0,0,0,0,0,0,0,0,0,0,0,0,0,0,0,0,0,1,3,10,0,1,0,6,0,0,0,4,0,0,0,0,0,0,0,0,0,0,0
"http://us.battle.net/hearthstone/en/forum/13619661/" , 0,0,0,0,0,0,0,0,0,0,0,0,0,0,0,3,0,0,0,0,0,0,0,0,2,0,0,0,0,0,0,0,0,0,0,0,0,0,0,0,0,0,0,0,0,0,0,0,0,0,0,0,0,4,0,0,0,2,0,0,0,0,12,3,0,0,0,0,0,0,0,0,0,0,0,0,0,0,0
"http://www.wotorev.com/2014/12/asus-x455l-notebook.html" , 0,0,0,0,0,0,0,0,0,0,0,0,0,0,0,0,0,0,0,0,1,0,0,0,0,0,0,0,0,0,0,0,0,0,0,0,0,0,0,0,0,0,0,0,0,0,0,0,0,0,0,0,0,0,0,0,0,0,1,0,0,0,0,0,3,0,0,0,1,1,0,0,0,0,0,0,0,0,0
"http://www.businessinsider.com/first-ipad-air-2-reviews-2014-10" , 0,0,0,0,0,0,0,0,0,0,0,0,0,0,0,1,0,1,0,0,0,1,0,2,1,2,0,0,0,0,1,0,0,0,0,0,0,0,0,0,0,0,0,0,0,0,0,1,1,0,0,0,0,1,1,1,0,1,1,1,1,3,1,4,0,0,0,3,0,0,0,0,2,0,0,0,0,0,0
"http://www.engadget.com/products/shure/se215/" , 0,0,0,0,0,0,0,0,0,0,0,0,0,0,0,0,0,0,0,0,4,13,0,0,0,2,0,2,0,0,0,0,0,0,0,0,0,0,0,0,0,0,0,0,0,0,0,0,0,0,0,1,0,0,0,0,0,2,7,18,0,0,0,5,0,0,0,11,0,0,0,0,0,0,0,0,0,0,0
"http://asus.laptop.product.info/?page=2&orderby=published&src=youtube" , 0,0,0,0,0,0,0,0,0,0,0,0,0,0,0,0,0,0,0,0,1,0,0,0,0,0,0,1,0,0,0,0,0,0,0,0,0,0,0,0,0,0,0,0,0,0,0,0,0,0,0,1,0,0,0,0,0,0,7,42,0,0,0,10,0,0,0,6,0,0,0,0,0,0,0,0,0,0,0
"http://www.gardnercreative.co.uk/blog/the-ipad-air-2-more-stuff-to-buy-that-you-dont-need-right/" , 0,0,0,0,0,0,0,0,0,0,0,0,0,1,0,1,0,0,0,0,0,0,0,0,0,2,0,0,0,0,0,0,0,0,0,0,0,0,0,0,0,0,0,0,0,0,0,0,0,0,0,0,0,1,0,0,0,0,0,0,0,1,0,7,0,0,0,0,0,0,0,0,0,0,0,0,0,0,0
"http://www.theglobeandmail.com/technology/gadgets-and-gear/gadgets/review-ipad-air-2-is-gold-for-pros-less-so-for-average-joes/article21217326/" , 0,0,0,0,1,0,0,0,0,0,0,0,0,0,0,0,0,1,0,1,1,2,0,1,1,2,1,2,0,0,1,0,0,0,0,0,0,0,0,0,0,0,0,0,0,0,0,0,0,0,0,0,0,0,0,1,0,1,3,5,0,4,4,5,3,0,0,5,0,0,0,0,1,0,0,0,0,0,0
"http://www.goprobuyersguide.com/hero-3-silver-edition-review" , 0,0,0,0,1,0,0,0,0,0,0,0,0,1,0,0,0,0,0,0,0,0,0,0,0,1,0,0,0,0,0,0,0,0,0,0,0,0,0,0,0,0,0,0,0,0,0,0,0,0,0,0,0,0,0,0,0,0,1,0,1,1,0,3,1,0,0,1,0,0,0,0,0,0,0,0,0,0,0
"http://thisisflash.com/tag/asus-x455l-review/" , 0,0,0,0,0,0,0,0,0,0,0,0,0,1,1,0,0,0,0,0,0,0,0,0,0,0,0,0,0,0,0,0,0,0,0,0,0,0,0,0,0,0,0,0,0,0,0,0,0,0,0,0,3,2,0,0,0,0,0,0,0,0,0,2,0,0,0,1,1,1,0,0,0,0,0,0,0,0,0
"http://theheadphonelist.com/earphone-buyers-guide/" , 0,0,0,0,0,0,0,0,0,0,0,0,0,1,0,1,0,0,0,1,0,3,0,0,0,39,0,6,5,0,0,0,0,0,0,0,0,0,0,0,0,0,0,0,0,0,0,0,0,0,0,0,1,6,13,3,0,30,119,268,8,12,10,105,6,5,0,27,9,0,0,0,0,0,0,0,0,0,0
"http://www.notebookcheck.net/Asus-X555LN-XO112H-Notebook-Review.125345.0.html" , 0,0,0,0,0,0,0,0,0,0,0,0,0,0,0,0,0,0,0,0,0,0,0,0,0,0,0,0,0,0,0,0,0,0,0,0,0,0,0,0,0,0,0,0,0,0,0,0,0,0,0,0,0,0,0,0,0,0,10,8,0,0,0,2,1,0,0,2,0,0,0,0,0,0,0,0,0,0,0
"http://www.forbes.com/sites/jaymcgregor/2015/03/17/htc-one-m9-review-release-date-price/" , 0,0,0,0,0,0,0,0,0,0,0,0,0,1,0,0,0,0,0,0,0,0,0,0,0,2,0,0,0,0,0,0,0,0,0,0,0,0,0,0,0,0,0,0,0,0,0,0,0,0,0,0,0,0,0,0,0,0,1,0,0,0,0,5,0,0,0,1,1,0,0,0,0,0,0,0,0,0,0
"http://www.bit.com.au/News/397424,should-you-buy-an-ipad-air-2-from-telstra.aspx" , 0,0,0,0,0,0,0,0,0,0,0,0,0,1,0,3,0,1,0,1,1,4,2,2,1,1,1,0,2,0,0,0,0,0,0,0,0,0,0,0,0,0,0,0,0,0,0,0,0,0,0,0,0,3,1,2,0,1,3,73,3,5,1,7,4,2,0,1,1,1,0,0,0,0,0,0,0,0,0
"http://www.olx.ph/index.php/classifieds+directory/q/asus+i5" , 0,0,0,0,0,0,0,0,0,0,0,1,0,0,0,0,2,0,0,0,1,0,21,0,0,0,0,0,0,0,0,0,0,0,0,0,0,0,0,0,0,0,0,0,0,0,0,0,0,0,0,0,0,1,4,7,0,1,10,0,21,1,1,0,0,0,0,0,3,2,0,0,0,0,0,0,0,0,0
"http://www.ebay.com/gds/Shure-SE215-Vs-The-House-of-Marley-EM-JE020-SU-/10000000177710607/g.html" , 0,0,0,0,1,0,0,0,0,0,0,0,0,0,0,1,3,0,1,0,0,0,0,0,0,1,1,0,9,0,0,0,0,0,0,0,0,0,0,0,0,0,1,0,0,0,0,0,0,0,0,0,0,1,4,0,1,0,0,30,0,0,0,35,1,1,0,1,2,0,0,0,0,0,0,0,0,0,0
"http://www.trustedreviews.com/monster-isport-immersion-review" , 0,0,0,0,0,0,0,0,0,0,0,0,0,0,0,0,0,0,0,1,1,0,0,0,0,1,0,0,2,0,0,0,0,0,0,0,0,0,0,0,0,0,0,0,0,0,0,0,1,0,0,0,1,0,0,0,0,1,4,5,0,0,0,1,0,4,0,4,6,1,0,0,0,0,0,0,0,0,0
"http://www.htc.com/us/htc-one-m9-give-away/" , 0,0,0,0,0,0,0,0,0,0,0,0,0,0,1,0,0,0,0,6,0,0,0,0,0,0,0,3,0,0,0,0,0,0,0,0,0,0,0,0,0,0,0,0,0,0,0,0,0,0,0,0,1,0,0,0,0,6,0,0,0,0,0,0,3,0,0,10,0,0,0,0,0,0,0,0,0,0,0
"http://www.trustedreviews.com/shure-se215-review" , 0,0,0,0,0,0,0,0,0,0,0,0,0,0,0,0,0,0,0,1,1,0,0,0,0,1,0,0,2,0,0,0,0,0,0,0,0,0,0,0,0,0,0,0,0,0,0,0,1,0,0,0,0,0,0,0,0,1,3,5,0,0,0,1,0,4,0,2,6,0,0,0,0,0,0,0,0,0,0
"http://www.boxwind.com/popular/he/%D7%97%D7%A0%D7%95%D7%AA-%D7%90%D7%95%D7%A4%D7%A0%D7%94" , 0,0,0,0,0,0,0,0,0,0,0,0,0,0,0,0,0,0,0,0,0,0,0,0,0,0,0,0,0,0,0,0,0,0,0,0,0,0,0,0,0,0,0,0,0,0,0,0,0,0,0,0,0,0,0,0,0,0,0,0,0,0,0,0,0,0,0,0,0,0,0,0,0,0,0,0,0,0,0
"http://www.techradar.com/reviews/audio-visual/hi-fi-and-audio/headphones/shure-se215-1288755/review" , 0,0,0,0,0,0,0,0,0,0,0,0,0,0,0,0,0,0,0,0,3,0,0,0,0,0,0,0,2,0,0,0,0,0,0,0,0,0,0,0,0,0,0,0,0,0,0,0,0,0,0,0,0,0,0,0,0,1,6,4,1,0,0,2,1,5,0,1,0,0,0,0,0,0,0,0,0,0,0
"http://www.expertreviews.co.uk/tvs-entertainment/headphones/51437/shure-se215-review" , 0,0,0,0,0,0,0,0,0,0,0,0,0,0,0,1,0,0,0,0,1,0,0,0,0,2,0,0,0,0,0,0,0,0,0,0,0,0,0,0,0,0,0,0,0,0,0,0,0,0,0,0,0,1,0,0,0,0,5,0,3,0,0,4,0,0,0,3,0,0,0,0,0,0,0,0,0,0,0
"http://headphones.reviewed.com/content/monster-isport-victory-review" , 0,0,0,0,0,0,0,0,0,0,0,0,0,0,0,1,0,0,0,4,0,22,0,0,0,2,0,0,0,0,0,0,0,0,0,0,0,0,0,0,0,0,0,1,0,0,0,0,0,0,0,0,0,1,0,2,0,4,3,27,0,0,1,4,1,0,0,6,1,2,0,0,0,0,0,0,0,0,0
"http://www.gardnercreative.co.uk/blog/the-ipad-air-2-more-stuff-to-buy-that-you-dont-need-right/" , 0,0,0,0,0,0,0,0,0,0,0,0,0,1,0,1,0,0,0,0,0,0,0,0,0,2,0,0,0,0,0,0,0,0,0,0,0,0,0,0,0,0,0,0,0,0,0,0,0,0,0,0,0,1,0,0,0,0,0,0,0,1,0,7,0,0,0,0,0,0,0,0,0,0,0,0,0,0,0
"http://www.bestbuy.com/site/brands/asus/pcmcat190000050006.c?id=pcmcat190000050006" , 1,0,0,0,1,0,0,0,0,0,0,0,0,1,1,4,0,2,0,11,2,0,0,1,2,5,2,3,4,0,1,0,0,0,0,0,0,0,0,0,0,0,0,0,0,2,2,0,3,0,0,0,1,8,0,3,0,13,3,0,0,1,2,14,4,6,0,3,0,0,0,0,1,0,0,0,0,0,0
"http://www.pcmag.com/article2/0,2817,2399605,00.asp" , 0,0,0,0,0,1,0,0,0,0,0,0,0,0,0,1,8,0,0,0,8,1,0,0,0,0,0,0,2,0,0,0,0,0,0,0,0,0,0,0,0,0,0,0,0,0,0,0,0,1,0,0,0,1,8,1,0,0,9,13,0,0,0,0,0,2,0,2,0,1,1,0,0,0,0,0,0,0,0
"http://www.forbes.com/sites/jaymcgregor/2015/03/17/htc-one-m9-review-release-date-price/" , 0,0,0,0,0,0,0,0,0,0,0,0,0,1,0,0,0,0,0,0,0,0,0,0,0,2,0,0,0,0,0,0,0,0,0,0,0,0,0,0,0,0,0,0,0,0,0,0,0,0,0,0,0,0,0,0,0,0,1,0,0,0,0,5,0,0,0,1,1,0,0,0,0,0,0,0,0,0,0
"http://www.cnet.com/products/shure-se215-black/user-reviews/" , 0,0,0,0,0,0,0,0,0,0,0,0,0,0,0,0,0,0,0,0,3,2,0,0,0,0,0,1,3,0,0,0,0,0,0,0,0,0,0,0,0,0,1,0,0,0,0,0,0,0,0,1,0,0,0,0,0,0,3,2,0,0,0,1,0,3,0,1,0,0,0,0,0,0,0,0,0,0,0
"http://www.complex.com/sneakers/2012/08/gear-guide-the-10-best-headphones-for-runners-to-buy-now" , 0,0,0,0,0,0,0,0,0,0,0,0,0,1,0,1,0,0,0,0,0,0,0,0,0,0,0,0,0,0,0,0,0,0,0,0,0,0,0,0,0,0,0,0,0,0,0,0,0,0,0,0,0,1,0,0,0,0,1,11,0,0,0,2,0,0,0,0,0,0,0,0,0,0,0,0,0,0,0
"http://www.bleepingcomputer.com/forums/t/553743/ipad-air-2/" , 0,0,0,0,1,0,0,0,0,0,0,0,0,1,0,0,0,0,0,0,0,0,0,0,0,3,0,0,0,0,0,0,0,0,0,0,0,0,0,0,0,0,0,0,0,0,0,0,0,0,0,0,0,0,0,0,0,0,0,0,0,0,0,4,0,0,0,0,1,0,0,0,0,0,0,0,0,0,0
"http://timesofindia.indiatimes.com/tech/reviews/Asus-Fonepad-7-Dual-Sim-review-A-value-for-money-tablet/articleshow/34191113.cms" , 0,0,0,0,0,0,0,0,0,0,0,0,0,0,0,1,0,0,0,0,1,0,1,0,0,2,0,0,0,0,0,0,0,0,0,0,0,0,0,0,0,0,0,0,0,0,0,0,0,0,0,0,0,1,0,0,0,0,3,0,1,0,0,2,13,0,1,0,1,0,0,0,0,0,0,0,0,0,0
"http://www.macworld.co.uk/review/headphones/shure-se215-review-3309828/" , 0,0,0,0,0,0,0,0,0,0,0,0,0,0,0,0,2,0,0,0,2,0,0,0,1,4,1,0,0,0,0,0,0,0,0,0,0,0,0,0,0,0,0,0,0,0,0,0,0,0,0,0,0,0,2,0,0,0,4,0,1,0,1,4,1,0,0,0,0,0,0,0,0,0,0,0,0,0,0
"http://www.tesco.com/direct/asus-x451ca-14-laptop-intel-core-i3-4gb-ram-500gb-white/324-2928.prd" , 0,0,1,0,1,0,0,0,0,0,0,0,0,1,0,10,0,0,0,12,1,0,9,4,2,2,4,4,0,10,0,0,0,1,0,2,0,0,0,0,0,0,0,0,1,0,0,0,0,3,0,0,0,12,1,0,0,13,1,0,9,4,15,4,6,0,9,11,4,10,1,0,0,0,0,1,0,2,0
"http://www.theglobeandmail.com/technology/gadgets-and-gear/gadgets/review-ipad-air-2-is-gold-for-pros-less-so-for-average-joes/article21217326/" , 0,0,0,0,1,0,0,0,0,0,0,0,0,0,0,0,0,1,0,1,1,2,0,1,1,2,1,2,0,0,1,0,0,0,0,0,0,0,0,0,0,0,0,0,0,0,0,0,0,0,0,0,0,0,0,1,0,1,3,5,0,4,4,5,3,0,0,5,0,0,0,0,1,0,0,0,0,0,0
"http://www.3g.co.uk/PR/August2014/htc-one-m9-release-date-specification-and-price.html" , 0,0,1,0,0,0,0,0,0,0,0,0,1,0,0,0,0,0,0,0,2,0,0,0,2,5,0,0,14,0,0,0,0,0,0,0,0,0,0,0,0,0,0,0,0,0,0,0,3,0,0,0,0,1,0,1,0,0,7,0,1,0,3,5,0,15,0,2,1,0,0,0,0,0,0,0,0,0,0
"http://www.outdoorgearlab.com/Sport-Headphones-Reviews/Monster-ISport-Intensity" , 0,0,0,0,0,0,0,0,0,0,0,0,0,0,0,0,2,0,0,0,2,1,0,0,0,0,0,1,0,0,0,0,0,0,0,0,0,0,0,0,0,0,0,0,0,0,0,0,0,0,0,0,0,0,7,2,0,0,7,16,2,0,0,5,1,0,0,3,0,0,0,0,0,0,0,0,0,0,0
"http://www.whathifi.com/shure/se215/review" , 0,0,1,0,0,0,0,0,0,0,0,0,0,0,0,0,0,1,0,0,1,0,0,0,2,4,0,1,0,0,0,0,0,0,0,0,0,0,0,0,0,0,3,0,0,0,0,0,0,0,0,0,0,0,0,1,0,0,2,0,0,0,2,7,2,0,0,1,1,0,0,0,0,0,0,0,0,0,0
"http://www.tipidpc.com/viewitem.php?iid=33606428" , 0,0,0,0,0,0,0,0,0,0,0,0,0,0,0,0,0,2,0,0,0,0,0,0,0,1,0,1,0,0,0,0,0,0,0,0,0,0,0,0,0,0,0,0,1,2,0,0,2,0,0,0,0,2,1,6,0,4,1,0,1,0,0,5,0,0,0,2,11,0,0,0,0,0,0,0,0,0,0
"http://www.shure.com/americas/where-to-buy/in-store" , 0,0,0,0,0,0,0,0,0,0,0,0,0,1,0,0,0,1,0,0,0,0,0,0,4,1,0,8,2,0,0,0,0,0,0,0,0,0,0,0,0,0,0,0,0,0,0,0,0,0,0,0,0,0,0,1,0,0,0,0,0,0,9,3,0,0,0,11,0,0,0,0,0,0,0,0,0,0,0
"http://www.goprobuyersguide.com/hero-3-silver-edition-review" , 0,0,0,0,1,0,0,0,0,0,0,0,0,1,0,0,0,0,0,0,0,0,0,0,0,1,0,0,0,0,0,0,0,0,0,0,0,0,0,0,0,0,0,0,0,0,0,0,0,0,0,0,0,0,0,0,0,0,1,0,1,1,0,3,1,0,0,1,0,0,0,0,0,0,0,0,0,0,0
"http://www.yugatech.com/search/+ASUS+X455L+DRIVER/" , 0,0,0,0,0,0,0,0,0,0,0,0,0,0,0,0,0,1,0,0,3,0,0,0,0,0,1,0,0,0,0,0,0,0,0,0,0,0,0,0,0,0,0,0,0,0,0,0,0,0,0,0,0,0,0,1,0,0,3,0,0,0,0,0,1,0,0,0,0,0,0,0,0,0,0,0,0,0,0
"http://www.wotorev.com/2014/12/asus-x455l-notebook.html" , 0,0,0,0,0,0,0,0,0,0,0,0,0,0,0,0,0,0,0,0,1,0,0,0,0,0,0,0,0,0,0,0,0,0,0,0,0,0,0,0,0,0,0,0,0,0,0,0,0,0,0,0,0,0,0,0,0,0,1,0,0,0,0,0,3,0,0,0,1,1,0,0,0,0,0,0,0,0,0
"http://www.yugatech.com/search/asus+x455L/" , 0,0,0,0,0,0,0,0,0,0,0,0,0,0,0,1,0,3,0,0,6,0,0,0,0,0,2,1,0,0,0,0,0,0,0,0,0,0,0,0,0,0,0,0,0,0,0,0,0,0,0,0,0,1,0,3,0,0,6,0,0,0,0,0,2,0,0,1,0,0,0,0,0,0,0,0,0,0,0
"http://www.logitech.com/en-us/product/type-plus-keyboard-ipad-air2" , 0,0,0,0,0,0,0,0,0,0,0,0,0,0,3,0,0,0,0,0,0,0,0,0,0,0,1,1,0,0,0,2,0,0,0,0,0,0,0,0,0,0,0,0,0,0,0,0,0,0,0,1,3,0,0,0,0,4,0,0,0,0,0,0,1,0,0,4,1,0,0,0,0,2,0,0,0,0,0
"http://recode.net/2014/10/21/review-apples-ipad-air-2-is-better-but-is-it-better-enough/" , 0,0,0,0,0,0,0,0,0,0,0,0,0,0,0,0,0,0,0,0,0,0,0,1,0,1,0,1,0,0,0,0,0,0,0,0,0,0,0,0,0,0,0,0,0,0,0,0,0,0,0,0,0,0,2,1,0,0,5,9,0,4,2,2,1,0,0,5,0,0,0,0,1,0,0,0,0,0,0
"http://www.techradar.com/news/phone-and-communications/mobile-phones/htc-one-m9-release-date-where-can-i-get-it--1286561" , 0,0,0,0,1,0,0,0,0,0,0,0,0,0,0,0,0,0,0,1,2,0,0,0,1,0,0,0,2,0,0,0,0,0,0,0,0,0,0,0,0,0,0,0,0,0,0,0,0,0,0,0,0,0,2,2,0,5,4,0,2,2,3,2,0,8,0,2,0,0,0,0,0,0,0,0,0,0,0
"http://www.ehow.com/ehow-tech/blog/tablet-showdown-the-google-nexus-9-vs-the-apple-ipad-air-2/" , 0,1,0,0,0,0,0,0,0,0,0,0,0,0,0,0,0,0,0,0,0,0,0,0,0,0,0,0,0,0,0,0,0,0,0,0,0,0,0,0,0,0,0,0,0,0,0,0,0,0,0,0,0,1,0,1,0,0,2,4,0,0,0,2,1,0,0,1,0,0,0,0,0,0,0,0,0,0,0
"http://www.t3.com/features/the-best-ipad-air-2-cases-and-covers-to-buy" , 0,0,0,0,0,0,0,0,0,0,0,0,0,1,0,0,0,0,0,0,0,0,0,0,0,4,0,0,0,0,0,0,0,0,0,0,0,0,0,0,0,0,0,0,0,0,0,0,0,0,0,0,0,0,0,0,0,0,0,4,1,0,2,7,2,2,0,1,0,2,0,0,0,0,0,0,0,0,0
"http://www.macworld.com/article/1164210/buying-guide-find-the-best-ipad-keyboard.html" , 0,0,0,0,0,0,0,0,0,0,0,0,0,1,0,0,0,0,0,0,0,2,0,0,0,1,0,1,0,0,0,0,0,0,0,0,0,0,0,0,0,0,0,0,0,0,0,0,1,0,0,0,0,5,0,0,1,1,7,31,1,0,1,9,9,0,0,9,0,0,0,0,0,0,0,0,0,0,0
"http://www.ebay.com/gds/Shure-SE215-Vs-The-House-of-Marley-EM-JE020-SU-/10000000177710607/g.html" , 0,0,0,0,1,0,0,0,0,0,0,0,0,0,0,1,3,0,1,0,0,0,0,0,0,1,1,0,9,0,0,0,0,0,0,0,0,0,0,0,0,0,1,0,0,0,0,0,0,0,0,0,0,1,4,0,1,0,0,30,0,0,0,35,1,1,0,1,2,0,0,0,0,0,0,0,0,0,0
"http://lifehacker.com/5800772/how-to-choose-the-perfect-pair-of-headphones" , 0,0,0,0,0,0,1,0,0,1,0,0,0,0,0,5,0,0,0,0,0,5,0,0,0,5,0,0,0,0,0,0,0,0,0,0,0,0,0,0,0,0,0,0,0,0,0,0,1,0,0,0,0,6,1,0,0,0,16,40,0,2,10,15,0,0,0,1,0,0,0,0,0,0,0,0,0,0,0
"http://www.reddit.com/r/ipad/comments/2x8e6z/ipad_air_versus_ipad_air_2_which_do_i_buy/" , 0,0,0,0,0,0,0,0,0,0,0,0,0,1,0,2,0,0,0,0,0,0,1,0,1,2,0,0,0,0,0,0,0,0,0,0,0,0,0,0,0,0,0,0,0,0,0,0,0,0,0,0,0,2,1,3,0,2,2,4,1,0,3,6,0,1,0,2,0,0,0,0,0,0,0,0,0,0,0
"http://www.engadget.com/products/shure/se215/" , 0,0,0,0,0,0,0,0,0,0,0,0,0,0,0,0,0,0,0,0,4,13,0,0,0,2,0,2,0,0,0,0,0,0,0,0,0,0,0,0,0,0,0,0,0,0,0,0,0,0,0,1,0,0,0,0,0,2,7,18,0,0,0,5,0,0,0,11,0,0,0,0,0,0,0,0,0,0,0
"http://the-gadgeteer.com/2011/12/09/monster-isport-immersion-in-ear-headphones-with-controltalk-review/" , 0,0,0,0,0,0,0,0,0,0,0,0,0,0,0,0,0,0,0,0,0,0,0,0,0,0,0,0,0,1,0,0,0,0,0,0,0,0,0,0,0,0,0,0,0,0,0,0,0,1,0,0,0,0,0,0,0,0,6,4,2,1,1,1,0,0,0,1,3,1,0,0,0,0,0,0,0,0,0
"http://www.notebookcheck.net/Asus-X555LN-XO112H-Notebook-Review.125345.0.html" , 0,0,0,0,0,0,0,0,0,0,0,0,0,0,0,0,0,0,0,0,0,0,0,0,0,0,0,0,0,0,0,0,0,0,0,0,0,0,0,0,0,0,0,0,0,0,0,0,0,0,0,0,0,0,0,0,0,0,10,8,0,0,0,2,1,0,0,2,0,0,0,0,0,0,0,0,0,0,0
"http://us.battle.net/hearthstone/en/forum/13619661/" , 0,0,0,0,0,0,0,0,0,0,0,0,0,0,0,3,0,0,0,0,0,0,0,0,2,0,0,0,0,0,0,0,0,0,0,0,0,0,0,0,0,0,0,0,0,0,0,0,0,0,0,0,0,4,0,0,0,2,0,0,0,0,12,3,0,0,0,0,0,0,0,0,0,0,0,0,0,0,0
"http://www.businessinsider.com/first-ipad-air-2-reviews-2014-10" , 0,0,0,0,0,0,0,0,0,0,0,0,0,0,0,1,0,1,0,0,0,1,0,2,1,2,0,0,0,0,1,0,0,0,0,0,0,0,0,0,0,0,0,0,0,0,0,1,1,0,0,0,0,1,1,1,0,1,1,1,1,3,1,4,0,0,0,3,0,0,0,0,2,0,0,0,0,0,0
"http://www.engadget.com/2014/11/19/irl-gopro-hero4/" , 0,0,0,0,0,0,0,0,0,0,0,0,0,0,0,0,0,0,0,1,0,6,0,0,0,5,0,0,0,0,0,0,0,0,0,0,0,0,0,0,0,0,0,0,0,0,0,0,0,0,0,0,0,0,0,0,0,1,3,10,0,1,0,6,0,0,0,4,0,0,0,0,0,0,0,0,0,0,0
"http://thisisflash.com/tag/asus-x455l-review/" , 0,0,0,0,0,0,0,0,0,0,0,0,0,1,1,0,0,0,0,0,0,0,0,0,0,0,0,0,0,0,0,0,0,0,0,0,0,0,0,0,0,0,0,0,0,0,0,0,0,0,0,0,3,2,0,0,0,0,0,0,0,0,0,2,0,0,0,1,1,1,0,0,0,0,0,0,0,0,0
"http://www.olx.ph/index.php/classifieds+directory/q/asus+i5" , 0,0,0,0,0,0,0,0,0,0,0,1,0,0,0,0,2,0,0,0,1,0,21,0,0,0,0,0,0,0,0,0,0,0,0,0,0,0,0,0,0,0,0,0,0,0,0,0,0,0,0,0,0,1,4,7,0,1,10,0,21,1,1,0,0,0,0,0,3,2,0,0,0,0,0,0,0,0,0
"http://www.head-fi.org/t/696311/shure-se215-ranting-read-this-before-buying-wrong-headphones-or-iem" , 0,0,0,0,0,0,0,0,0,0,0,0,0,1,0,0,0,0,0,0,4,3,0,0,0,8,0,0,0,0,0,0,0,0,0,0,0,0,0,0,0,0,0,0,0,0,0,0,0,0,0,0,0,2,2,24,0,0,10,7,1,3,0,26,0,4,0,27,0,0,0,0,0,0,0,0,0,0,0
"http://www.yugatech.com/search/+ASUS+X455L+DRIVER/" , 0,0,0,0,0,0,0,0,0,0,0,0,0,0,0,0,0,1,0,0,3,0,0,0,0,0,1,0,0,0,0,0,0,0,0,0,0,0,0,0,0,0,0,0,0,0,0,0,0,0,0,0,0,0,0,1,0,0,3,0,0,0,0,0,1,0,0,0,0,0,0,0,0,0,0,0,0,0,0
"http://theheadphonelist.com/earphone-buyers-guide/" , 0,0,0,0,0,0,0,0,0,0,0,0,0,1,0,1,0,0,0,1,0,3,0,0,0,39,0,6,5,0,0,0,0,0,0,0,0,0,0,0,0,0,0,0,0,0,0,0,0,0,0,0,1,6,13,3,0,30,119,268,8,12,10,105,6,5,0,27,9,0,0,0,0,0,0,0,0,0,0
"http://asus.laptop.product.info/?page=2&orderby=published&src=youtube" , 0,0,0,0,0,0,0,0,0,0,0,0,0,0,0,0,0,0,0,0,1,0,0,0,0,0,0,1,0,0,0,0,0,0,0,0,0,0,0,0,0,0,0,0,0,0,0,0,0,0,0,1,0,0,0,0,0,0,7,42,0,0,0,10,0,0,0,6,0,0,0,0,0,0,0,0,0,0,0
"http://www.bit.com.au/News/397424,should-you-buy-an-ipad-air-2-from-telstra.aspx" , 0,0,0,0,0,0,0,0,0,0,0,0,0,1,0,3,0,1,0,1,1,4,2,2,1,1,1,0,2,0,0,0,0,0,0,0,0,0,0,0,0,0,0,0,0,0,0,0,0,0,0,0,0,3,1,2,0,1,3,73,3,5,1,7,4,2,0,1,1,1,0,0,0,0,0,0,0,0,0
"http://www.bhphotovideo.com/c/product/758631-REG/Shure_SE215_K_SE215_Sound_Isolating_In_Ear_Stereo.html/c/product/#inpage:IN+STOCK?gclid=CjwKEAjw0q2pBRC3jrb24JjE8VgSJAAyIzAd3n13xtr78YuKmQwDBnceuLjTnjp5xK4rQTsCEfXjEBoCpvPw_wcB" , 0,0,0,0,0,0,0,0,0,0,0,0,0,0,1,0,0,0,0,1,0,0,0,0,1,0,0,0,0,0,0,0,0,0,1,2,0,0,0,0,0,0,0,0,0,0,0,0,0,0,0,2,1,0,0,0,0,2,0,0,0,0,1,0,1,0,0,1,0,0,0,0,0,0,0,1,1,4,1
"http://www.pcmag.com/products/compare/26584?ids=293562,291574,283805,287527,248125" , 0,0,0,0,0,0,0,0,0,0,0,0,0,0,0,1,10,0,0,0,10,1,0,0,0,0,0,0,2,0,0,0,0,0,0,0,0,0,0,0,0,0,0,0,0,0,0,0,0,0,0,1,0,1,10,0,0,0,10,11,0,0,0,0,0,1,0,0,0,0,0,0,0,0,0,0,0,0,1
"http://headphones.com.au/psingle?productID=523" , 0,0,0,0,0,0,0,0,0,1,0,0,0,1,1,0,0,0,0,0,0,0,0,1,0,0,0,3,0,0,1,0,0,0,0,0,0,0,0,0,0,0,0,1,0,0,0,0,0,0,0,1,3,2,0,0,0,1,2,1,0,1,0,2,0,0,0,6,0,0,0,0,1,0,0,0,0,0,1
"http://www.amazon.in/Shure-SE215-K-Sound-Monitor-Black/dp/B004PNZFZ8" , 0,0,0,0,0,0,0,0,0,0,0,0,0,0,4,6,5,5,3,5,0,0,1,0,4,1,1,2,5,9,0,1,0,0,0,0,0,0,0,0,0,0,0,0,2,0,0,0,0,0,0,0,7,9,7,5,3,6,8,5,2,12,7,6,2,5,0,9,9,14,0,0,0,2,0,0,0,0,1
"http://www.amazon.in/Shure-SE215-CL-Sound-Isolating-Earphones/dp/B004PO10E2" , 0,0,1,0,1,0,0,0,0,0,0,0,1,1,3,6,5,5,3,5,0,0,1,0,4,1,0,4,5,9,0,0,0,0,0,0,0,0,0,0,0,0,0,0,2,0,0,0,0,0,0,0,6,9,5,5,3,6,9,5,2,12,7,5,1,5,0,11,9,14,0,0,0,1,0,0,0,0,1
"http://www.bhphotovideo.com/c/product/758628-REG/Shure_SE215_CL_SE215_Sound_Isolating_In_Ear_Stereo.html" , 0,0,0,0,0,0,0,0,0,0,0,0,0,0,1,0,0,0,0,1,0,0,0,0,1,0,0,0,0,0,0,0,0,0,1,2,0,0,0,0,0,0,0,0,0,0,0,0,0,0,0,1,1,0,0,0,0,2,0,0,0,0,1,0,1,0,0,1,0,0,0,0,0,0,0,1,1,4,1
"http://www.fullcompass.com/product/400134.html?utm_source=shuresite&utm_medium=manufacturer&utm_campaign=feed" , 0,0,0,0,0,0,0,0,0,0,0,0,0,0,0,1,0,0,0,9,1,2,0,0,0,0,2,1,1,1,0,0,0,0,0,0,0,0,0,0,0,0,0,0,0,0,0,0,0,0,0,1,0,1,0,0,0,9,28,40,0,1,0,0,2,1,0,2,1,1,0,0,1,0,0,0,0,0,1
"http://www.bestbuy.com/site/shure-sound-isolating-earphones-clear/1306460000.p?id=mp1306460000&skuId=1306460000" , 0,0,0,0,2,0,0,0,0,0,0,0,0,1,1,4,2,1,0,11,2,0,0,1,2,5,2,3,4,0,1,0,0,0,0,0,0,0,0,0,0,0,1,2,0,2,2,0,3,0,0,0,1,6,5,1,0,13,3,2,0,1,3,18,4,6,0,8,4,0,0,0,1,0,0,0,0,0,1
"http://www.ebay.com.au/itm/Shure-SE215CL-CLEAR-In-Ear-Sound-Isolating-Pro-Stereo-Earphones-/361082059130" , 0,0,0,0,0,0,0,0,0,0,0,0,0,0,1,1,6,0,2,0,0,0,5,6,0,0,1,0,1,0,5,1,0,0,0,0,0,0,0,1,0,1,0,0,3,0,0,1,0,0,0,0,1,1,25,1,2,1,5,20,15,19,5,13,1,1,0,8,39,1,0,3,12,1,0,0,0,0,1
"http://www.bestbuy.com/site/shure-se215-earbud-headphones/1307697696.p?id=mp1307697696&skuId=1307697696" , 0,0,0,0,2,0,0,0,0,0,0,0,0,1,1,4,2,1,0,11,2,0,0,1,2,5,2,3,4,0,1,0,0,0,0,0,0,0,0,0,0,0,1,2,0,2,2,0,3,0,0,0,1,7,5,1,0,14,8,2,0,1,3,22,5,6,0,15,4,1,0,0,1,0,0,0,0,0,1
"http://www.pcadvisor.co.uk/reviews/laptop/3529322/asus-x550ldv-xo610h-budget-laptop-review/" , 0,0,0,0,0,0,0,0,0,0,0,0,0,0,0,2,0,8,0,2,10,0,2,0,2,26,18,0,6,0,0,0,0,0,0,0,0,0,0,0,0,0,2,0,0,0,0,0,0,0,0,0,0,3,0,4,0,1,9,0,1,0,2,16,9,6,0,0,0,0,0,0,0,0,0,0,0,0,1
"http://www.sweetwater.com/store/detail/SE215" , 0,1,1,0,0,0,0,0,0,0,0,0,0,0,3,12,0,0,2,3,1,0,1,2,1,1,1,2,22,0,2,1,0,0,0,0,0,1,0,0,0,0,0,0,0,0,0,1,1,0,0,0,4,16,1,3,4,6,6,18,2,12,2,4,2,21,0,6,6,0,1,0,12,1,0,0,0,0,1
"http://www.gak.co.uk/en/shure-se-215-black/76434" , 0,0,0,0,0,0,0,0,0,0,0,0,0,0,0,0,0,0,0,2,0,0,0,0,0,1,0,0,1,4,0,0,0,0,0,0,0,0,0,0,0,0,0,0,0,0,0,0,0,0,0,0,0,1,0,0,0,2,13,0,0,0,0,1,0,5,2,0,0,4,0,0,0,0,0,0,0,0,1
"http://www.ebay.co.uk/bhp/monster-isport" , 1,0,0,0,0,1,0,0,0,0,0,0,0,0,0,1,3,0,1,0,0,0,1,0,0,0,1,0,1,0,0,0,0,0,0,0,0,0,0,0,0,0,0,0,0,1,0,0,0,0,0,0,0,3,3,0,1,0,0,0,1,0,0,24,1,1,0,1,1,0,0,0,0,0,0,0,0,0,1
"http://www.ebay.co.uk/bhp/shure-se215" , 1,0,0,0,0,1,0,0,0,0,0,0,0,0,1,1,3,0,1,0,0,0,1,0,0,0,1,0,1,0,0,0,0,0,0,0,0,0,0,0,0,0,1,0,0,1,0,0,0,0,0,0,1,4,3,1,1,0,1,0,1,0,1,31,1,1,0,0,0,0,0,0,0,0,0,0,0,0,1
"http://shop.gopro.com/cameras/hero3plus-silver/CHDHN-302-master.html" , 0,0,0,0,0,0,0,0,0,0,0,0,0,0,0,1,0,0,0,0,0,0,0,0,1,0,0,1,0,0,0,0,0,0,0,0,0,0,0,0,0,0,0,0,0,0,0,0,0,0,1,0,0,1,0,0,0,0,0,0,0,0,1,0,0,0,0,1,0,0,0,0,0,0,0,0,0,0,1
"http://shop.gopro.com/EMEA/cameras/hero4-silver/CHDHY-401.html" , 0,0,0,0,0,0,0,0,0,0,0,0,0,0,0,1,0,0,0,0,0,0,0,0,1,0,0,1,0,0,0,0,0,0,0,0,0,0,0,0,0,0,0,0,0,0,0,0,0,0,1,0,0,1,0,0,0,0,0,0,0,0,1,0,0,0,0,1,0,0,0,0,0,0,0,0,0,0,1
"http://www.brookstone.com/monster-isport-victory-in-ear-headphones" , 0,0,0,0,0,0,0,0,0,0,0,0,0,1,1,3,0,2,0,3,0,10,0,0,3,1,0,1,0,0,0,0,0,0,0,0,0,0,0,0,0,0,0,1,1,0,0,0,0,0,0,0,3,5,2,5,0,5,0,16,1,0,4,2,1,0,0,8,2,0,0,0,0,0,0,0,0,0,1
"http://www.castro.com/he/" , 0,0,0,0,0,0,0,5,0,0,0,0,0,0,0,0,0,5,0,0,0,0,0,0,0,0,0,0,0,0,0,0,0,0,0,0,0,0,0,0,0,0,0,0,0,0,0,0,0,0,0,0,0,0,0,5,0,0,0,0,0,0,0,0,0,0,0,0,0,0,0,0,0,0,0,0,0,0,1
"http://priceless-chic.com/" , 0,0,0,0,0,0,0,0,0,0,0,0,1,0,1,6,0,2,0,0,1,0,0,0,1,0,0,0,0,0,0,0,0,0,0,0,0,0,0,0,0,0,0,0,0,0,0,0,0,0,0,0,1,6,0,2,0,0,4,0,0,1,1,0,0,0,0,0,0,0,0,1,0,0,0,0,0,0,1
"http://www.bestbuy.com/site/mobile-phones-promotions/htc-one-m9/pcmcat366200050006.c?id=pcmcat366200050006" , 1,0,0,0,1,0,0,0,0,0,0,0,0,1,1,5,0,2,0,11,2,0,1,1,2,5,2,3,4,0,1,0,0,0,0,0,0,0,0,0,0,0,0,0,0,2,2,0,3,0,0,0,1,7,0,3,0,13,3,0,1,1,6,18,4,6,0,3,0,0,0,0,1,0,0,0,0,0,1
"http://www.jakartanotebook.com/asus-x455l-wx058d-i3-4030u-or-2gb-or-500gb-or-dos-black" , 0,0,0,0,0,0,2,0,0,0,0,0,0,0,3,1,2,3,0,3,1,0,0,1,1,2,0,2,3,6,1,1,0,0,0,1,0,0,0,0,0,0,0,0,0,0,0,0,0,0,0,0,3,2,2,4,0,3,2,0,0,2,1,2,2,0,0,3,2,6,0,0,1,1,0,0,0,1,1
"http://www.johnlewis.com/monster-isport-superslim-bluetooth-wireless-in-ear-headphones/p1869903" , 0,0,0,0,1,0,0,0,0,0,0,0,0,1,0,14,3,0,3,3,0,0,3,0,1,4,42,3,1,10,0,0,0,0,0,0,0,0,0,0,0,0,0,2,0,0,0,0,0,0,0,0,0,19,3,0,3,5,3,0,4,0,1,5,45,0,3,10,7,10,0,0,0,0,0,0,0,0,1
"http://www.amazon.in/Monster-iSport-Victory-In-Ear-Headphones/dp/B00BOTPPL0" , 0,0,1,0,1,0,0,0,0,0,0,0,1,1,3,6,6,5,3,5,0,0,1,0,4,1,2,3,5,9,0,0,0,0,0,0,0,0,0,0,0,0,0,0,2,0,0,0,0,0,0,0,5,9,7,6,3,5,5,4,4,1,8,3,2,5,0,17,10,16,0,0,0,0,0,0,0,0,1
"http://www.staticice.com.au/cgi-bin/search.cgi?q=shure%20se215" , 2,0,2,0,0,1,0,0,0,0,1,0,1,1,0,0,0,0,0,0,2,22,0,0,3,0,0,0,0,0,0,0,0,0,0,0,0,0,0,0,0,0,0,0,0,0,0,0,0,0,0,0,0,3,0,0,0,0,6,23,0,0,7,1,0,0,0,0,0,0,0,0,0,0,0,0,0,0,1
"http://www.banggood.com/Eachine-E80-In-Ear-Earbuds-Hybrid-Iron-Bass-Stereo-Headset-Red-p-971941.html?utm_source=google&utm_medium=cpc&utm_campaign=Selc-MP-eachineearphone&utm_content=vincy&gclid=CjwKEAjw0q2pBRC3jrb24JjE8VgSJAAyIzAd5a6ZBQCyzAhrrJtOIJahhQMsMmaPD5mws7LlTd8XthoCMCrw_wcB" , 0,2,1,1,1,0,0,0,0,0,0,1,0,0,3,1,1,1,0,3,0,8,1,1,0,1,0,0,1,1,1,0,0,0,0,0,0,0,0,0,0,0,0,0,0,0,0,5,1,1,0,0,6,6,1,3,1,13,7,63,5,25,0,4,1,1,0,3,1,1,0,4,14,0,0,0,0,0,1
"http://www.adorama.com/shse215cl.html" , 0,0,0,1,0,0,0,0,0,0,0,0,0,0,1,2,3,0,1,9,1,10,9,1,3,3,0,1,1,1,1,0,0,0,0,1,0,0,0,0,0,0,0,0,0,0,0,0,1,0,0,0,3,4,4,0,1,10,3,12,9,1,3,4,2,3,0,1,4,1,0,0,1,1,0,0,0,1,1
"http://www.musicstore.de/en_EN/EUR/PA/In-Ear-monitoring/Shure-SE-215-CL-clear-In-ear-headphone-transparent/art-PAH0010979-000" , 0,0,1,1,0,0,2,0,2,0,0,0,0,0,3,6,1,0,0,2,0,0,9,0,2,0,0,1,1,6,0,0,0,1,0,1,0,0,0,0,0,0,0,0,1,0,0,0,0,0,0,0,4,6,2,2,0,4,10,0,9,0,9,1,0,1,0,10,2,6,0,0,0,0,0,1,0,1,1
"http://www.adiv.biz/%D7%A9%D7%A2%D7%95%D7%A0%D7%99%D7%9D" , 0,0,0,0,0,0,0,0,0,0,0,0,0,0,0,0,0,0,0,0,0,0,0,0,0,0,0,0,0,0,0,0,0,0,0,0,0,0,0,0,0,0,0,0,0,0,0,0,0,0,0,0,0,0,0,0,0,0,0,0,0,0,0,0,0,0,0,0,0,0,0,0,0,0,0,0,0,0,1
"http://www.cnet.com/products/monster-isport-intensity-in-ear-headphones-green/" , 0,0,0,0,0,0,0,0,0,0,0,0,0,0,0,0,0,0,0,1,2,7,0,0,0,1,0,0,3,0,0,0,0,0,0,0,0,0,0,0,0,0,0,0,0,0,0,0,0,0,0,1,0,0,0,0,0,1,4,10,0,0,0,1,0,3,0,0,0,0,0,0,0,0,0,0,0,0,1
"http://www.bestbuy.com/site/monster-isport-strive-earbud-headphones-black/1767003.p?id=1219063230135&skuId=1767003" , 0,0,0,0,2,0,0,0,0,0,0,0,0,1,1,3,0,1,0,13,2,2,1,1,2,6,3,4,4,0,1,0,0,0,0,0,0,0,0,0,0,0,1,3,0,2,2,0,3,0,0,0,1,6,0,1,0,16,16,5,2,1,7,22,7,6,0,15,7,0,0,0,1,0,0,0,0,0,1
"http://www.westenddj.co.uk/shure-se215-blk" , 0,0,0,0,0,0,0,0,0,0,0,0,0,0,3,1,0,0,0,4,3,0,0,0,0,0,0,2,0,5,0,0,0,0,0,0,0,0,0,0,0,0,0,1,0,0,0,0,0,0,0,0,4,3,0,1,0,6,10,0,1,1,2,1,1,1,4,5,1,5,2,0,1,0,3,0,0,0,1
"http://www.shopbot.ca/monster-isport/price/canada/1023726" , 2,0,3,0,0,0,0,0,0,0,0,0,1,1,0,3,0,0,0,0,0,0,0,0,0,0,0,0,0,0,0,0,0,0,0,0,0,0,0,0,0,0,0,0,0,0,0,0,0,0,1,0,0,5,0,0,0,4,5,73,0,0,34,36,0,0,0,1,0,0,0,0,0,0,0,0,0,0,1
"http://www.ebay.com/bhp/monster-isport" , 1,0,0,0,0,1,0,0,0,0,0,0,0,0,0,1,3,0,1,0,0,0,0,0,0,0,1,0,1,0,0,0,0,0,0,0,0,0,0,0,0,0,1,0,0,1,0,0,0,0,0,0,0,4,5,0,1,0,0,30,0,1,0,26,1,1,0,4,11,1,0,0,1,0,0,0,0,0,1
"http://www.shopbot.ca/pp-shure-se215-k-shure-price-320112.html" , 2,0,3,0,0,0,0,0,0,0,0,0,1,0,0,4,0,0,0,1,0,0,0,0,0,0,0,0,0,0,0,0,0,0,0,0,0,0,0,0,0,0,0,0,0,0,0,0,0,0,1,0,0,10,0,0,0,1,9,15,0,0,2,1,1,0,0,8,2,0,0,0,0,0,0,0,0,0,1
"http://www.asianic.com.ph/products_list_brand/notebooks/Asus" , 0,0,0,0,0,0,0,0,0,0,0,0,0,0,2,0,0,0,0,1,3,0,0,0,0,1,0,0,0,1,0,0,0,0,0,0,0,0,0,0,0,0,0,0,0,0,0,0,0,0,0,1,2,0,0,0,0,1,7,0,0,18,0,5,0,1,0,0,2,1,0,0,0,0,0,0,0,0,1
"http://www.bestbuy.com/site/gopro-hero4-silver-action-camera/8374096.p?id=1219329115702" , 0,0,0,0,2,0,0,0,0,0,0,0,0,1,1,5,0,2,0,17,2,4,1,1,2,5,4,4,4,0,1,0,0,0,0,0,0,0,0,0,0,0,1,3,1,2,2,0,3,0,0,0,1,8,0,3,0,21,11,7,2,2,7,22,11,6,0,14,8,0,0,0,1,0,0,0,0,0,1
"http://www.bawakawa.com/bawa/index/all/" , 0,0,0,0,0,0,0,0,0,0,0,0,0,0,0,0,0,0,0,0,0,0,0,0,0,0,0,0,0,3,0,0,0,0,0,2,0,0,0,0,0,0,0,0,0,0,0,0,0,0,0,0,0,2,0,0,0,0,0,0,0,0,0,0,0,0,0,0,0,3,0,0,0,0,0,0,0,2,1
"http://www.graysonline.com/retail/21552-AA-CL/audio-tv-and-home-theatre/shure-se215-sound-isolating-earphones-with-detachable-cable-clear" , 0,0,0,0,0,0,0,0,0,0,0,0,0,1,4,3,2,1,0,1,0,1,0,0,0,1,0,2,0,0,0,0,0,0,0,0,0,0,0,0,0,0,0,0,0,0,0,0,0,1,0,0,7,3,2,1,0,4,0,3,1,3,0,3,1,0,0,10,11,0,0,3,0,2,0,0,0,0,1
"http://bdnews24.com/electronics/buy-asus-laptop.html" , 0,0,0,0,2,0,0,0,0,0,0,0,0,1,0,0,2,6,0,0,3,0,4,0,0,10,0,2,0,0,0,0,0,0,0,0,0,0,0,0,0,0,0,0,0,0,0,0,1,0,0,0,0,0,2,6,0,0,3,0,5,0,0,15,0,0,0,2,0,0,0,0,0,0,0,0,0,0,1
"http://www.bestbuy.com/site/monster-isport-victory-earbud-headphones-green/1766461.p?id=1219063234639" , 0,0,0,0,2,0,0,0,0,0,0,0,0,1,1,3,0,1,0,13,2,2,1,1,2,6,3,4,4,0,1,0,0,0,0,0,0,0,0,0,0,0,1,3,0,2,2,0,3,0,0,0,1,6,1,2,0,16,14,7,2,1,7,27,8,6,0,14,7,0,0,0,1,0,0,0,0,0,1
"http://www.amazon.com/GoPro-CHDHY-401-HERO4-SILVER/dp/B00NIYJF6U" , 0,0,0,0,0,0,0,0,0,0,0,0,0,0,4,5,12,1,1,4,1,2,4,0,1,3,1,3,6,0,0,3,0,0,0,0,0,0,0,0,0,0,1,3,3,0,0,0,0,1,0,0,16,5,17,1,6,19,16,42,11,2,4,15,4,5,0,19,18,0,1,0,2,6,0,0,0,2,1
"http://www.shure.com/americas/products/earphones-headphones/se-earphones/se215-sound-isolating-earphones" , 0,0,0,0,0,0,0,0,0,0,0,0,0,0,0,0,0,0,0,0,0,0,1,0,2,1,0,10,2,0,0,0,0,0,0,0,0,0,0,0,0,0,0,0,0,0,0,0,0,2,0,1,0,0,0,0,0,0,0,9,3,0,4,1,1,0,0,15,0,0,0,0,0,0,0,0,0,0,1
"http://uae.souq.com/ae-en/laptop-notebook/asus/a-7/l/" , 0,0,0,0,0,0,0,0,0,0,0,0,1,1,2,4,4,0,1,3,6,0,0,1,0,1,0,0,2,4,1,0,0,0,1,0,0,0,0,0,0,0,0,0,0,0,0,0,0,0,0,0,2,4,6,0,1,5,7,0,0,2,0,4,0,2,0,1,0,4,0,0,1,0,0,0,1,0,1
"http://www.myshopping.com.au/PR--382554_Shure_SE215_Headphone" , 2,0,1,1,1,0,0,0,0,0,1,0,1,0,0,0,0,1,0,0,1,67,0,0,2,0,0,2,0,0,0,0,0,0,0,0,0,0,0,0,0,0,0,0,0,0,0,0,0,0,1,0,0,2,0,1,0,0,5,68,1,0,2,1,0,1,1,3,1,0,0,0,0,0,0,0,0,0,1
"http://www.gear4music.com/PA-DJ-and-Lighting/Shure-SE215-Sound-Isolation-Earphones-Clear/PD2" , 0,0,0,0,0,0,0,0,0,0,0,0,0,0,1,1,0,0,0,6,0,0,0,0,0,0,0,1,0,12,0,0,1,0,0,0,0,0,0,0,0,0,0,1,0,0,0,0,0,0,0,0,1,6,0,2,0,7,3,0,1,0,0,3,0,0,6,14,12,12,1,0,0,0,2,0,0,0,1
"http://www.currys.co.uk/gbuk/audio/headphones/headphones/sports-headphones/monster-isport-strive-headphones-black-22070704-pdt.html" , 0,0,0,0,0,0,0,0,0,1,0,0,0,1,0,8,0,0,0,4,1,0,2,1,4,8,0,4,0,2,1,0,0,0,0,0,0,0,1,0,1,0,0,0,0,0,0,0,0,0,0,0,0,9,0,0,0,12,2,0,3,3,16,9,1,0,4,12,4,2,0,0,1,0,1,0,0,0,1
"http://www.guitarcenter.com/Shure-SE215-Dynamic-Microdriver-Earphones-106534613-i1827972.gc" , 0,0,0,0,0,0,0,0,0,0,0,0,0,0,1,14,0,0,3,3,0,0,1,0,6,1,0,15,1,6,0,0,0,0,0,0,0,0,0,0,0,0,0,0,0,0,0,0,1,11,0,0,2,16,2,4,3,4,8,9,5,5,30,3,2,1,0,32,14,7,0,0,0,1,0,0,0,0,1
"http://www.pcworld.co.uk/gbuk/asus-laptops-netbooks/laptops/laptops/703_7006_70006_1731_xx/xx-criteria.html" , 0,0,0,0,0,1,0,0,0,1,0,0,0,0,0,7,0,0,0,2,1,0,19,1,3,10,0,20,0,0,1,0,0,0,0,0,0,0,0,0,0,0,0,0,0,0,0,0,0,0,0,0,0,8,0,0,0,17,4,0,21,1,9,10,8,0,1,23,1,0,0,0,1,0,0,0,0,0,1
"http://www.amazon.com/Shure-SE215-K-Isolating-Earphones-MicroDriver/dp/B004PNZFZ8" , 0,0,0,0,0,0,0,0,0,0,0,0,0,0,8,5,5,2,1,2,3,3,7,0,1,4,1,2,6,0,0,7,0,0,0,0,0,0,0,0,0,0,1,3,4,0,0,0,0,0,0,0,20,5,10,3,6,15,21,36,14,2,4,13,3,6,0,19,20,0,1,0,2,10,0,0,0,2,1
"http://www.bestbuy.com/site/searchpage.jsp?id=pcat17071&st=52+inch+tv" , 1,0,1,1,2,0,0,0,0,0,0,0,0,1,16,4,1,2,0,24,2,13,0,1,2,6,2,3,4,0,1,15,0,0,0,0,0,0,0,0,0,0,0,0,0,2,2,0,3,0,0,0,17,8,2,9,0,26,133,63,16,1,32,78,6,6,0,33,55,0,0,0,1,15,0,0,0,0,1
"http://www.amazon.ca/Shure-SE215-K-Sound-Monitor-Black/dp/B004PNZFZ8" , 0,0,0,0,0,0,0,0,0,0,0,0,0,0,5,3,4,0,3,3,4,2,5,0,4,2,0,1,4,1,0,3,0,0,0,0,0,0,0,0,0,0,0,2,3,0,0,0,0,0,0,0,19,4,8,1,7,14,16,29,11,1,12,6,1,4,0,10,22,2,1,0,1,6,0,0,0,2,1
"http://www.bestbuy.ca/en-CA/product/monster-monster-isport-intensity-in-ear-sound-isolating-headphones-monster-isport-int/10226877.aspx" , 0,0,0,0,0,0,0,0,0,1,0,0,0,1,1,26,0,1,2,11,4,1,0,1,9,34,0,6,4,4,0,1,0,0,0,0,0,0,0,0,0,0,1,0,0,0,0,0,1,0,0,1,2,26,0,3,2,14,6,17,0,1,12,52,2,3,0,15,0,4,0,1,0,2,0,0,0,0,1
"http://fromsin.com/" , 0,0,0,0,0,0,0,0,0,0,0,0,0,0,1,0,0,0,0,0,2,30,0,0,1,1,0,1,0,8,0,0,0,0,0,0,0,0,0,0,0,0,0,0,0,0,0,0,0,0,0,0,1,0,0,0,0,0,2,74,0,0,1,1,0,0,1,1,0,8,0,0,0,0,0,0,0,0,1
"http://www.aliexpress.com/w/wholesale-shure-se215.html" , 0,4,0,0,0,0,0,5,0,0,0,2,0,1,1,9,4,16,38,21,15,1,0,1,14,2,0,3,4,0,0,0,0,0,0,0,1,0,0,0,0,0,0,0,0,0,0,0,0,0,0,0,1,11,4,25,38,21,18,51,0,1,14,4,0,5,0,5,7,0,0,0,0,0,0,0,0,0,1
"http://www.earphonesolutions.com/shure-se215.html" , 0,0,0,0,0,1,0,0,0,0,0,0,0,1,8,1,0,0,0,8,1,17,1,1,0,0,0,2,0,0,1,0,0,0,0,0,0,0,0,0,0,0,0,0,0,1,1,0,0,2,0,0,13,15,15,5,0,45,225,121,9,14,3,62,3,1,0,90,16,4,0,0,2,1,0,0,0,0,1
"http://au.rs-online.com/web/p/headphones/8199537/" , 0,0,0,0,0,0,0,0,0,0,0,0,0,0,0,2,0,1,0,2,0,1,5,0,0,0,0,9,0,0,0,0,0,0,0,0,0,0,0,0,0,0,0,0,0,0,0,0,0,0,0,0,0,2,0,1,0,3,1,4,8,0,1,0,0,0,0,16,2,0,0,0,0,0,0,0,0,0,1
"http://www.amazon.co.uk/Shure-SE215-In-Ear-Isolating-Earphones-Clear/dp/B004U9NH3E" , 0,0,0,0,0,0,0,0,0,0,0,0,0,0,1,9,4,2,5,4,0,0,5,2,5,1,0,3,4,2,1,0,3,0,0,0,0,0,0,0,0,0,1,2,5,0,0,0,0,0,0,0,6,13,17,5,9,17,14,0,16,4,11,7,3,4,15,13,29,3,0,0,2,0,6,0,0,2,1
"http://www.hamrostore.com/laptops/378-asus-x455l-4th-gen-core-i3-in-nepal.html" , 0,0,0,0,0,0,0,0,0,0,1,0,0,0,1,0,0,0,0,3,0,1,0,0,0,0,0,3,0,0,0,0,0,21,0,22,0,0,0,0,0,0,0,0,0,0,0,0,0,2,0,0,5,4,0,0,0,4,12,1,0,0,4,2,0,0,0,11,4,1,0,0,0,0,0,21,0,22,1
"http://www.verizonwireless.com/smartphones/htc-one-m9/" , 0,0,0,0,0,0,0,0,0,0,0,0,0,0,1,7,0,1,0,1,1,0,0,1,3,0,1,0,3,0,1,0,0,0,0,0,0,0,0,0,0,0,0,0,0,0,0,0,0,0,0,0,3,7,2,4,0,15,11,50,5,4,11,10,7,6,0,7,7,0,1,0,4,0,0,0,0,0,1
"http://www.amazon.co.uk/Monster-iSport-LiveStrong-Immersion-Earphones-Yellow/dp/B006VJQ2OM" , 0,0,0,0,0,0,0,0,0,0,0,0,0,0,1,9,4,2,5,3,0,0,3,2,3,3,0,3,4,2,1,0,0,0,0,0,0,0,0,0,0,0,1,2,5,0,0,0,0,1,0,0,6,13,10,5,9,14,13,0,9,3,9,9,2,4,12,12,28,4,0,0,2,0,3,0,0,2,1
"http://www.walla.co.il/" , 0,0,0,0,0,0,0,0,0,0,0,0,0,0,0,0,0,0,0,0,0,3,0,0,0,0,0,0,0,0,0,0,0,0,0,0,0,0,0,0,0,0,0,0,0,0,0,0,0,0,0,0,0,0,0,0,0,0,0,3,0,0,0,0,0,0,0,0,0,0,0,0,0,0,0,0,0,0,1
"http://www.bestbuy.com/site/video-games/playstation-3-ps3/abcat0703000.c?id=abcat0703000" , 0,0,0,0,0,0,0,0,0,0,0,0,0,1,1,5,0,1,0,12,2,0,0,1,2,6,2,3,5,0,1,0,0,0,0,0,0,0,0,0,0,1,0,0,0,2,2,0,3,0,0,0,1,8,2,1,0,21,4,12,0,1,7,24,4,8,0,3,0,0,0,0,1,0,0,0,0,0,1
"http://www.forbes.com/sites/erikkain/2012/06/19/6-reasons-to-buy-a-playstation-3-instead-of-an-xbox-360/" , 0,0,0,0,0,0,0,0,0,0,0,0,0,1,0,0,0,0,0,0,0,0,1,0,0,0,0,0,0,0,0,0,0,0,0,0,0,0,0,0,0,0,0,0,0,0,0,0,0,0,0,0,0,0,0,1,0,0,2,3,3,5,0,17,1,0,0,1,1,0,0,0,0,0,0,0,0,0,1
"http://www.idfblog.com/" , 0,0,0,0,0,0,0,0,0,0,0,0,0,0,0,0,0,0,0,2,0,0,0,0,0,0,0,0,0,0,0,0,0,0,0,0,0,0,1,0,0,0,0,0,0,0,0,0,0,0,0,0,0,0,0,0,0,2,0,0,0,0,0,0,0,0,0,0,0,0,0,0,0,0,0,0,0,0,1
"http://www.idfblog.com/" , 0,0,0,0,0,0,0,0,0,0,0,0,0,0,0,0,0,0,0,2,0,0,0,0,0,0,0,0,0,0,0,0,0,0,0,0,0,0,1,0,0,0,0,0,0,0,0,0,0,0,0,0,0,0,0,0,0,2,0,0,0,0,0,0,0,0,0,0,0,0,0,0,0,0,0,0,0,0,1
"http://www.ebay.com/itm/New-Luxury-Retro-Leather-Wallet-Brown-Case-Cover-Apple-iPhone-6-Screen-Protector-/151685782497?pt=LH_DefaultDomain_3&hash=item23512d5be1" , 0,0,0,0,0,0,0,0,0,0,0,0,0,0,0,1,6,0,2,0,0,0,6,8,0,0,1,0,1,0,6,0,0,0,0,0,0,0,0,1,0,2,0,0,3,0,0,1,0,0,0,0,0,1,26,1,2,3,5,6,19,21,2,19,1,1,0,2,37,2,0,3,11,0,0,0,0,0,1
"http://www.ebay.com/itm/New-Luxury-Retro-Leather-Wallet-Brown-Case-Cover-Apple-iPhone-6-Screen-Protector-/151685782497?pt=LH_DefaultDomain_3&hash=item23512d5be1" , 0,0,0,0,0,0,0,0,0,0,0,0,0,0,0,1,4,0,2,0,0,0,2,3,0,0,1,0,1,0,2,0,0,0,0,0,0,0,0,1,0,1,0,0,1,0,0,0,0,0,0,0,0,1,18,0,2,2,5,0,26,9,2,14,1,1,0,2,22,1,0,2,4,0,0,0,0,0,1
"http://www.aliexpress.com/wholesale?spuId=5040195&SearchText=APPLE+iPhone+4S" , 1,0,1,1,0,0,1,0,0,1,1,0,1,1,1,1,4,2,5,6,3,0,0,1,1,2,0,2,2,0,0,0,0,0,0,0,0,0,0,0,0,0,0,0,0,0,0,0,0,0,0,0,1,2,5,2,5,7,6,6,0,1,1,3,0,2,0,2,2,0,0,0,0,0,0,0,0,0,1
"http://www.aliexpress.com/wholesale?catId=0&initiative_id=SB_20150520071252&SearchText=tabaco+smoking+in+pipe" , 1,0,1,1,0,0,1,0,0,1,1,0,1,1,1,2,4,2,5,18,3,0,1,1,6,2,0,3,2,0,0,0,0,0,0,0,0,0,0,0,0,0,0,0,0,0,0,0,1,0,0,0,1,3,5,2,5,18,5,24,1,1,6,4,0,2,0,3,1,0,0,0,0,0,0,0,0,0,1
"http://www.aliexpress.com/wholesale?catId=0&initiative_id=SB_20150520071252&SearchText=tabaco+smoking+in+pipe" , 1,0,1,1,0,0,1,0,0,1,1,0,1,1,1,2,4,2,5,18,3,0,1,1,6,2,0,3,2,0,0,0,0,0,0,0,0,0,0,0,0,0,0,0,0,0,0,0,1,0,0,0,1,3,5,2,5,18,5,24,1,1,6,4,0,2,0,3,1,0,0,0,0,0,0,0,0,0,1
"http://www.aliexpress.com/wholesale?catId=0&initiative_id=SB_20150520071252&SearchText=tabaco+smoking+in+pipe" , 1,0,1,1,0,0,1,0,0,1,1,0,1,1,1,2,4,2,5,18,3,0,1,1,6,2,0,3,2,0,0,0,0,0,0,0,0,0,0,0,0,0,0,0,0,0,0,0,1,0,0,0,1,3,5,2,5,18,5,24,1,1,6,4,0,2,0,3,1,0,0,0,0,0,0,0,0,0,1
"http://www.aliexpress.com/wholesale?catId=0&initiative_id=SB_20150520071252&SearchText=tabaco+smoking+in+pipe" , 1,0,1,1,0,0,1,0,0,1,1,0,1,1,1,2,4,2,5,18,3,0,1,1,6,2,0,3,2,0,0,0,0,0,0,0,0,0,0,0,0,0,0,0,0,0,0,0,1,0,0,0,1,3,5,2,5,18,5,24,1,1,6,4,0,2,0,3,1,0,0,0,0,0,0,0,0,0,1
"http://www.aliexpress.com/wholesale?catId=0&initiative_id=SB_20150520071252&SearchText=tabaco+smoking+in+pipe" , 1,0,1,1,0,0,1,0,0,1,1,0,1,1,1,2,4,2,5,18,3,0,1,1,6,2,0,3,2,0,0,0,0,0,0,0,0,0,0,0,0,0,0,0,0,0,0,0,1,0,0,0,1,3,5,2,5,18,5,24,1,1,6,4,0,2,0,3,1,0,0,0,0,0,0,0,0,0,1
"http://www.aliexpress.com/wholesale?catId=0&initiative_id=SB_20150520071252&SearchText=tabaco+smoking+in+pipe" , 1,0,1,1,0,0,1,0,0,1,1,0,1,1,1,2,4,2,5,18,3,0,1,1,6,2,0,3,2,0,0,0,0,0,0,0,0,0,0,0,0,0,0,0,0,0,0,0,1,0,0,0,1,3,5,2,5,18,5,24,1,1,6,4,0,2,0,3,1,0,0,0,0,0,0,0,0,0,1
"http://www.aliexpress.com/wholesale?catId=0&initiative_id=SB_20150520071252&SearchText=tabaco+smoking+in+pipe" , 1,0,1,1,0,0,1,0,0,1,1,0,1,1,1,2,4,2,5,18,3,0,1,1,6,2,0,3,2,0,0,0,0,0,0,0,0,0,0,0,0,0,0,0,0,0,0,0,1,0,0,0,1,3,5,2,5,18,5,24,1,1,6,4,0,2,0,3,1,0,0,0,0,0,0,0,0,0,1
"http://www.aliexpress.com/wholesale?catId=0&initiative_id=SB_20150520071252&SearchText=tabaco+smoking+in+pipe" , 1,0,1,1,0,0,1,0,0,1,1,0,1,1,1,2,4,2,5,18,3,0,1,1,6,2,0,3,2,0,0,0,0,0,0,0,0,0,0,0,0,0,0,0,0,0,0,0,1,0,0,0,1,3,5,2,5,18,5,24,1,1,6,4,0,2,0,3,1,0,0,0,0,0,0,0,0,0,1
"http://www.aliexpress.com/wholesale?catId=0&initiative_id=SB_20150520071252&SearchText=tabaco+smoking+in+pipe" , 1,0,1,1,0,0,1,0,0,1,1,0,1,1,1,2,4,2,5,18,3,0,1,1,6,2,0,3,2,0,0,0,0,0,0,0,0,0,0,0,0,0,0,0,0,0,0,0,1,0,0,0,1,3,5,2,5,18,5,24,1,1,6,4,0,2,0,3,1,0,0,0,0,0,0,0,0,0,1
"http://www.aliexpress.com/wholesale?catId=0&initiative_id=SB_20150520071252&SearchText=tabaco+smoking+in+pipe" , 1,0,1,1,0,0,1,0,0,1,1,0,1,1,1,2,4,2,5,18,3,0,1,1,6,2,0,3,2,0,0,0,0,0,0,0,0,0,0,0,0,0,0,0,0,0,0,0,1,0,0,0,1,3,5,2,5,18,5,24,1,1,6,4,0,2,0,3,1,0,0,0,0,0,0,0,0,0,1
"http://www.aliexpress.com/wholesale?catId=0&initiative_id=SB_20150520071252&SearchText=tabaco+smoking+in+pipe" , 1,0,1,1,0,0,1,0,0,1,1,0,1,1,1,2,4,2,5,18,3,0,1,1,6,2,0,3,2,0,0,0,0,0,0,0,0,0,0,0,0,0,0,0,0,0,0,0,1,0,0,0,1,3,5,2,5,18,5,24,1,1,6,4,0,2,0,3,1,0,0,0,0,0,0,0,0,0,1
"http://www.aliexpress.com/wholesale?catId=0&initiative_id=SB_20150520071252&SearchText=tabaco+smoking+in+pipe" , 1,0,1,1,0,0,1,0,0,1,1,0,1,1,1,2,4,2,5,18,3,0,1,1,6,2,0,3,2,0,0,0,0,0,0,0,0,0,0,0,0,0,0,0,0,0,0,0,1,0,0,0,1,3,5,2,5,18,5,24,1,1,6,4,0,2,0,3,1,0,0,0,0,0,0,0,0,0,1
"http://www.aliexpress.com/wholesale?catId=0&initiative_id=SB_20150520071252&SearchText=tabaco+smoking+in+pipe" , 1,0,1,1,0,0,1,0,0,1,1,0,1,1,1,2,4,2,5,18,3,0,1,1,6,2,0,3,2,0,0,0,0,0,0,0,0,0,0,0,0,0,0,0,0,0,0,0,1,0,0,0,1,3,5,2,5,18,5,24,1,1,6,4,0,2,0,3,1,0,0,0,0,0,0,0,0,0,1
"http://www.aliexpress.com/wholesale?catId=0&initiative_id=SB_20150520071252&SearchText=tabaco+smoking+in+pipe" , 1,0,1,1,0,0,1,0,0,1,1,0,1,1,1,2,4,2,5,18,3,0,1,1,6,2,0,3,2,0,0,0,0,0,0,0,0,0,0,0,0,0,0,0,0,0,0,0,1,0,0,0,1,3,5,2,5,18,5,24,1,1,6,4,0,2,0,3,1,0,0,0,0,0,0,0,0,0,1
"http://www.aliexpress.com/wholesale?catId=0&initiative_id=SB_20150520071252&SearchText=tabaco+smoking+in+pipe" , 1,0,1,1,0,0,1,0,0,1,1,0,1,1,1,2,4,2,5,18,3,0,1,1,6,2,0,3,2,0,0,0,0,0,0,0,0,0,0,0,0,0,0,0,0,0,0,0,1,0,0,0,1,3,5,2,5,18,5,24,1,1,6,4,0,2,0,3,1,0,0,0,0,0,0,0,0,0,1
"http://www.aliexpress.com/wholesale?catId=0&initiative_id=SB_20150520071252&SearchText=tabaco+smoking+in+pipe" , 1,0,1,1,0,0,1,0,0,1,1,0,1,1,1,2,4,2,5,18,3,0,1,1,6,2,0,3,2,0,0,0,0,0,0,0,0,0,0,0,0,0,0,0,0,0,0,0,1,0,0,0,1,3,5,2,5,18,5,24,1,1,6,4,0,2,0,3,1,0,0,0,0,0,0,0,0,0,1
"http://www.aliexpress.com/wholesale?catId=0&initiative_id=SB_20150520071252&SearchText=tabaco+smoking+in+pipe" , 1,0,1,1,0,0,1,0,0,1,1,0,1,1,1,2,4,2,5,18,3,0,1,1,6,2,0,3,2,0,0,0,0,0,0,0,0,0,0,0,0,0,0,0,0,0,0,0,1,0,0,0,1,3,5,2,5,18,5,24,1,1,6,4,0,2,0,3,1,0,0,0,0,0,0,0,0,0,1
"http://www.aliexpress.com/wholesale?catId=0&initiative_id=SB_20150520071252&SearchText=tabaco+smoking+in+pipe" , 1,0,1,1,0,0,1,0,0,1,1,0,1,1,1,2,4,2,5,18,3,0,1,1,6,2,0,3,2,0,0,0,0,0,0,0,0,0,0,0,0,0,0,0,0,0,0,0,1,0,0,0,1,3,5,2,5,18,5,24,1,1,6,4,0,2,0,3,1,0,0,0,0,0,0,0,0,0,1
"http://www.aliexpress.com/wholesale?catId=0&initiative_id=SB_20150520071252&SearchText=tabaco+smoking+in+pipe" , 1,0,1,1,0,0,1,0,0,1,1,0,1,1,1,2,4,2,5,18,3,0,1,1,6,2,0,3,2,0,0,0,0,0,0,0,0,0,0,0,0,0,0,0,0,0,0,0,1,0,0,0,1,3,5,2,5,18,5,24,1,1,6,4,0,2,0,3,1,0,0,0,0,0,0,0,0,0,1
"http://www.aliexpress.com/wholesale?catId=0&initiative_id=SB_20150520071252&SearchText=tabaco+smoking+in+pipe" , 1,0,1,1,0,0,1,0,0,1,1,0,1,1,1,2,4,2,5,18,3,0,1,1,6,2,0,3,2,0,0,0,0,0,0,0,0,0,0,0,0,0,0,0,0,0,0,0,1,0,0,0,1,3,5,2,5,18,5,24,1,1,6,4,0,2,0,3,1,0,0,0,0,0,0,0,0,0,1
"http://www.aliexpress.com/wholesale?catId=0&initiative_id=SB_20150520071252&SearchText=tabaco+smoking+in+pipe" , 1,0,1,1,0,0,1,0,0,1,1,0,1,1,1,2,4,2,5,18,3,0,1,1,6,2,0,3,2,0,0,0,0,0,0,0,0,0,0,0,0,0,0,0,0,0,0,0,1,0,0,0,1,3,5,2,5,18,5,24,1,1,6,4,0,2,0,3,1,0,0,0,0,0,0,0,0,0,1
"http://www.aliexpress.com/wholesale?catId=0&initiative_id=SB_20150520071252&SearchText=tabaco+smoking+in+pipe" , 1,0,1,1,0,0,1,0,0,1,1,0,1,1,1,2,4,2,5,18,3,0,1,1,6,2,0,3,2,0,0,0,0,0,0,0,0,0,0,0,0,0,0,0,0,0,0,0,1,0,0,0,1,3,5,2,5,18,5,24,1,1,6,4,0,2,0,3,1,0,0,0,0,0,0,0,0,0,1
"http://www.aliexpress.com/wholesale?catId=0&initiative_id=SB_20150520071252&SearchText=tabaco+smoking+in+pipe" , 1,0,1,1,0,0,1,0,0,1,1,0,1,1,1,2,4,2,5,18,3,0,1,1,6,2,0,3,2,0,0,0,0,0,0,0,0,0,0,0,0,0,0,0,0,0,0,0,1,0,0,0,1,3,5,2,5,18,5,24,1,1,6,4,0,2,0,3,1,0,0,0,0,0,0,0,0,0,1
"http://www.aliexpress.com/wholesale?catId=0&initiative_id=SB_20150520071252&SearchText=tabaco+smoking+in+pipe" , 1,0,1,1,0,0,1,0,0,1,1,0,1,1,1,2,4,2,5,18,3,0,1,1,6,2,0,3,2,0,0,0,0,0,0,0,0,0,0,0,0,0,0,0,0,0,0,0,1,0,0,0,1,3,5,2,5,18,5,24,1,1,6,4,0,2,0,3,1,0,0,0,0,0,0,0,0,0,1
"http://www.aliexpress.com/wholesale?catId=0&initiative_id=SB_20150520071252&SearchText=tabaco+smoking+in+pipe" , 1,0,1,1,0,0,1,0,0,1,1,0,1,1,1,2,4,2,5,18,3,0,1,1,6,2,0,3,2,0,0,0,0,0,0,0,0,0,0,0,0,0,0,0,0,0,0,0,1,0,0,0,1,3,5,2,5,18,5,24,1,1,6,4,0,2,0,3,1,0,0,0,0,0,0,0,0,0,1
"http://www.aliexpress.com/wholesale?catId=0&initiative_id=SB_20150520071252&SearchText=tabaco+smoking+in+pipe" , 1,0,1,1,0,0,1,0,0,1,1,0,1,1,1,2,4,2,5,18,3,0,1,1,6,2,0,3,2,0,0,0,0,0,0,0,0,0,0,0,0,0,0,0,0,0,0,0,1,0,0,0,1,3,5,2,5,18,5,24,1,1,6,4,0,2,0,3,1,0,0,0,0,0,0,0,0,0,1
"http://www.aliexpress.com/wholesale?catId=0&initiative_id=SB_20150520071252&SearchText=tabaco+smoking+in+pipe" , 1,0,1,1,0,0,1,0,0,1,1,0,1,1,1,2,4,2,5,18,3,0,1,1,6,2,0,3,2,0,0,0,0,0,0,0,0,0,0,0,0,0,0,0,0,0,0,0,1,0,0,0,1,3,5,2,5,18,5,24,1,1,6,4,0,2,0,3,1,0,0,0,0,0,0,0,0,0,1
"http://www.ebay.co.uk/itm/High-Quality-Faux-Leather-Tobacco-Pouch-50-Designs-/251280122221" , 0,0,0,0,0,0,0,0,0,0,0,0,0,0,0,1,6,0,2,0,0,0,6,4,0,2,1,0,1,0,3,0,1,0,0,0,0,0,0,1,0,2,0,0,3,0,0,1,0,0,0,0,0,3,28,1,2,0,5,10,16,21,1,16,1,1,2,0,39,1,0,4,12,0,1,0,0,0,1
"http://www.ebay.com/itm/Tobacco-Tabaco-tobak-Tabak-Cigarette-Smoking-Pouch-Case-Big-Wallet-Purse-/261697516815" , 0,0,0,0,0,0,0,0,0,0,0,0,0,0,1,1,5,1,2,0,0,0,6,5,0,0,1,0,1,3,3,1,0,0,0,0,0,0,0,1,0,1,0,0,3,0,0,1,0,0,0,0,1,1,25,3,2,2,12,20,16,21,2,15,1,1,0,0,41,4,0,5,10,1,0,0,0,0,1
"http://www.aliexpress.com/iphone-4-bling-bow-cases_reviews.html" , 0,0,0,0,1,0,0,0,0,0,1,0,0,0,1,5,4,16,2,38,10,0,0,1,7,3,0,3,4,7,0,0,0,0,0,0,0,0,0,0,0,0,0,0,0,0,0,0,0,1,0,0,1,7,4,17,2,38,11,38,0,1,7,4,0,4,0,4,0,7,0,0,0,0,0,0,0,0,1
"http://www.amazon.in/Cases-Covers-iPhone-5-5s/s?ie=UTF8&page=1&rh=n%3A1389409031%2Cp_n_feature_keywords_four_browse-bin%3A4541047031" , 1,0,0,1,0,0,0,0,0,0,0,0,0,0,3,7,5,5,3,5,0,0,2,0,4,0,19,1,5,9,0,0,0,0,0,0,0,0,0,0,0,1,0,0,0,0,0,0,0,0,0,0,5,11,6,5,3,16,1,0,2,0,6,19,19,5,0,7,5,14,0,0,0,0,0,0,0,0,1
"http://www.amazon.in/Cases-Covers-iPhone-5-5s/s?ie=UTF8&page=1&rh=n%3A1389409031%2Cp_n_feature_keywords_four_browse-bin%3A4541047031" , 1,0,0,1,0,0,0,0,0,0,0,0,0,0,3,7,5,5,3,5,0,0,2,0,4,0,19,1,5,9,0,0,0,0,0,0,0,0,0,0,0,1,0,0,0,0,0,0,0,0,0,0,5,11,6,5,3,16,1,0,2,0,6,19,19,5,0,7,5,14,0,0,0,0,0,0,0,0,1
"http://www.amazon.in/Cases-Covers-iPhone-5-5s/s?ie=UTF8&page=1&rh=n%3A1389409031%2Cp_n_feature_keywords_four_browse-bin%3A4541047031" , 1,0,0,1,0,0,0,0,0,0,0,0,0,0,3,7,5,5,3,5,0,0,2,0,4,0,19,1,5,9,0,0,0,0,0,0,0,0,0,0,0,1,0,0,0,0,0,0,0,0,0,0,5,11,6,5,3,16,1,0,2,0,6,19,19,5,0,7,5,14,0,0,0,0,0,0,0,0,1
"http://www.aliexpress.com/price/iphone-5-bumper-case-clear-back_price.html" , 0,0,5,0,1,0,0,0,0,0,1,0,3,1,1,5,3,6,2,13,2,0,0,1,3,2,0,3,2,0,0,0,0,0,0,0,0,0,0,0,0,0,0,0,0,0,0,0,0,0,0,0,1,6,3,6,2,49,11,36,0,1,3,3,0,2,0,3,0,2,0,0,0,0,0,0,0,0,1
"http://www.aliexpress.com/price/iphone-5-bumper-case-clear-back_price.html" , 0,0,5,0,1,0,0,0,0,0,1,0,3,1,1,5,3,6,2,13,2,0,0,1,3,2,0,3,2,0,0,0,0,0,0,0,0,0,0,0,0,0,0,0,0,0,0,0,0,0,0,0,1,6,3,6,2,49,11,36,0,1,3,3,0,2,0,3,0,2,0,0,0,0,0,0,0,0,1
"http://www.amazon.com/Snugg-iPhone-Ultra-Lifetime-Guarantee/dp/B00B1AANBE" , 0,0,0,0,0,0,0,0,0,0,0,0,0,0,0,0,0,0,0,0,0,0,0,0,0,0,0,0,0,0,0,0,0,0,0,0,0,0,0,0,0,0,0,0,0,0,0,0,0,0,0,0,0,0,0,0,0,0,0,0,0,0,0,0,0,0,0,0,0,0,0,0,0,0,0,0,0,0,1
"http://www.amazon.com/Snugg-iPhone-Ultra-Lifetime-Guarantee/dp/B00B1AANBE" , 1,0,1,0,0,0,0,0,0,0,0,0,0,0,1,5,6,1,1,1,0,0,4,0,1,0,0,5,5,2,0,0,0,0,0,0,0,0,0,0,0,0,1,3,4,0,0,0,0,0,0,0,14,5,12,4,6,16,16,22,13,2,4,7,4,5,0,22,23,2,1,0,2,3,0,0,0,2,1
"http://www.taoarea.com/item.php?id=170" , 0,0,0,0,0,0,0,0,0,0,0,0,0,0,0,1,0,0,0,3,0,2,0,0,1,3,0,0,0,0,0,0,0,0,0,0,0,0,0,0,0,0,0,0,0,0,0,0,0,0,0,0,0,1,0,0,0,3,1,4,1,0,1,4,0,0,0,4,1,0,0,0,0,0,0,0,0,0,1
"http://es.aliexpress.com/item/2014-new-arrivel-ballet-girl-crown-Eiffel-Tower-Case-cover-For-iPhone-6-Plus-5-5/2050133360.html" , 0,0,0,0,0,0,0,0,0,0,0,0,0,0,0,0,0,0,0,0,0,0,0,1,0,0,0,5,0,0,0,0,0,0,0,0,0,0,0,0,0,0,0,2,0,0,0,0,0,0,0,0,0,0,0,0,0,0,0,1,0,2,0,1,0,0,0,10,1,0,0,0,1,0,0,0,0,0,1
"http://es.aliexpress.com/item/2014-new-arrivel-ballet-girl-crown-Eiffel-Tower-Case-cover-For-iPhone-6-Plus-5-5/2050133360.html" , 0,0,0,0,0,0,0,0,0,0,0,0,0,0,0,0,0,0,0,0,0,0,0,1,0,0,0,5,0,0,0,0,0,0,0,0,0,0,0,0,0,0,0,2,0,0,0,0,0,0,0,0,0,0,0,0,0,0,0,1,0,2,0,1,0,0,0,10,1,0,0,0,1,0,0,0,0,0,1
"http://pt.aliexpress.com/item/2014-in-stock-Luxury-Rhinestone-Crystal-Bling-crown-ballet-Tower-Case-cover-Rose-For-iPhone-6/2050143958.html" , 0,0,0,0,0,0,0,0,0,0,0,0,0,0,0,0,0,0,0,0,0,0,0,1,0,0,0,0,0,0,0,0,0,0,0,0,0,0,0,0,0,0,0,0,1,0,0,0,0,0,0,0,0,0,0,0,0,0,0,4,0,2,0,1,0,0,0,0,6,0,0,0,1,0,0,0,0,0,1
"http://pt.aliexpress.com/item/2014-in-stock-Luxury-Rhinestone-Crystal-Bling-crown-ballet-Tower-Case-cover-Rose-For-iPhone-6/2050143958.html" , 0,0,0,0,0,0,0,0,0,0,0,0,0,0,0,0,0,0,0,0,0,0,0,1,0,0,0,0,0,0,0,0,0,0,0,0,0,0,0,0,0,0,0,0,1,0,0,0,0,0,0,0,0,0,0,0,0,0,0,4,0,2,0,1,0,0,0,0,6,0,0,0,1,0,0,0,0,0,1
"http://www.chinaflashlightorch.com/en/focus-headlamp/Rechargeable-LED-Flash-Torch-Adjustable-Focus-Zoomable-LED-Headlamp_2587.html" , 0,1,0,0,0,0,0,1,0,0,0,1,0,1,0,0,0,0,0,0,0,0,0,0,0,0,0,1,0,0,0,0,0,0,0,0,1,0,0,0,0,0,0,0,0,0,0,0,0,0,0,0,0,0,0,3,0,1,2,0,0,2,0,2,0,0,0,4,0,0,0,1,1,0,0,0,0,0,1
"http://www.ebay.com/itm/like/131162097196" , 0,0,0,0,0,0,0,0,0,0,0,0,0,0,0,1,4,0,2,0,0,0,1,4,0,0,1,0,1,1,1,0,0,0,0,0,0,0,0,1,0,1,0,0,1,0,0,2,0,0,0,0,0,1,11,1,2,1,7,13,25,9,1,30,1,1,0,0,15,1,0,2,4,0,0,0,0,0,1
"http://www.nyglass.com/products/vonzipper-pipe-slippers-black-smoke-gloss-rx-glasses?utm_medium=cpc&utm_source=googlepla&variant=1174882120&gclid=Cj0KEQjw1pWrBRDuv-rhstiX6KwBEiQA5V9ZoWnB6SWu8_MSssKw8XmllsFuEEkhPbOIAkKlKE5aY8QaAkUs8P8HAQ" , 0,0,0,0,0,0,0,0,0,0,0,0,0,0,0,1,0,2,0,0,0,0,0,0,0,0,0,0,0,4,0,0,0,0,0,0,0,0,0,0,0,0,0,0,0,0,0,0,0,0,0,1,0,1,0,2,0,0,0,2,0,0,1,0,0,0,0,0,0,4,0,0,0,0,0,0,0,0,1
"http://simpleglasspipe.com/index.php?route=product/product&product_id=283" , 0,0,0,0,0,0,0,0,0,0,0,0,0,0,17,1,0,0,3,1,0,1,2,0,0,0,0,0,0,0,0,15,0,0,0,0,0,0,0,0,0,0,0,0,0,0,0,0,0,0,0,3,19,3,1,0,3,1,1,20,2,0,0,0,0,1,0,2,1,1,1,0,0,15,0,0,0,0,1
"http://www.ebay.com/sch/Metalware-/1430/i.html" , 1,0,0,0,0,1,0,0,0,0,0,0,0,0,0,2,4,0,1,0,4,0,0,0,0,2,1,0,1,0,0,0,0,0,0,0,0,0,0,0,0,0,0,0,1,1,0,0,0,0,0,0,0,3,7,1,1,0,9,0,57,0,0,18,1,1,1,1,2,0,0,0,0,0,0,0,0,0,1
"http://www.aliexpress.com/wholesale?catId=0&initiative_id=SB_20150527062432&SearchText=pipe" , 1,0,1,1,0,0,1,0,0,1,1,0,1,1,1,1,4,2,5,6,3,0,0,1,1,2,0,3,2,0,0,0,0,0,0,0,0,0,0,0,0,0,0,0,0,0,0,0,0,0,0,0,1,2,6,2,5,6,5,4,0,1,1,3,0,2,0,3,1,0,0,0,0,0,0,0,0,0,1
"http://www.aliexpress.com/wholesale?catId=0&initiative_id=SB_20150527062432&SearchText=pipe" , 1,0,1,1,0,0,1,0,0,1,1,0,1,1,1,1,4,2,5,6,3,0,0,1,1,2,0,3,2,0,0,0,0,0,0,0,0,0,0,0,0,0,0,0,0,0,0,0,0,0,0,0,1,2,6,2,5,6,5,4,0,1,1,3,0,2,0,3,1,0,0,0,0,0,0,0,0,0,1
"http://www.aliexpress.com/wholesale?catId=0&initiative_id=SB_20150527062432&SearchText=pipe" , 1,0,1,1,0,0,1,0,0,1,1,0,1,1,1,1,4,2,5,6,3,0,0,1,1,2,0,3,2,0,0,0,0,0,0,0,0,0,0,0,0,0,0,0,0,0,0,0,0,0,0,0,1,2,6,2,5,6,5,4,0,1,1,3,0,2,0,3,1,0,0,0,0,0,0,0,0,0,1
"http://tr111822250.fm.alibaba.com/product/111251418-101771148/MEERSCHAUM_SMOKING_PIPE_NUDE.html" , 0,0,0,0,0,0,0,0,0,0,0,0,0,0,0,0,0,2,0,0,3,0,2,1,0,2,0,5,0,0,0,0,0,0,0,0,0,0,0,0,0,0,0,0,0,0,0,0,0,3,0,1,0,0,0,3,0,2,7,1,5,3,0,3,0,0,0,13,0,0,0,1,1,0,0,0,0,0,1
"http://www.ebay.com/itm/James-Bond-007-Goldfinger-Pussy-Galore-Barbie-Doll-MISB-Mattel-/171773836241?pt=LH_DefaultDomain_0&hash=item27fe84bbd1" , 0,0,0,0,0,0,0,0,0,0,0,0,0,0,1,1,6,0,2,0,0,0,5,6,0,0,1,0,1,0,4,1,0,0,0,0,0,0,0,1,0,1,0,0,3,0,0,1,0,0,0,0,1,1,20,1,2,1,6,11,19,16,0,14,1,1,0,2,34,2,0,3,10,1,0,0,0,0,1
"http://www.amazon.co.uk/Mattel-Barbie-Collector-Goldfinger-Galore/dp/B0032GYQUY" , 0,0,0,0,0,0,0,0,0,0,0,0,0,0,0,6,5,2,1,2,0,0,1,2,3,1,1,4,3,0,1,0,3,0,0,0,0,0,0,0,0,0,1,3,4,0,0,0,0,0,0,0,0,7,8,3,1,2,1,0,2,3,5,2,1,3,6,10,10,1,0,0,2,0,5,0,0,0,1
"http://www.amazon.co.uk/Mattel-Barbie-Collector-Goldfinger-Galore/dp/B0032GYQUY" , 0,0,0,0,0,0,0,0,0,0,0,0,0,0,0,6,5,2,1,2,0,0,1,2,2,1,1,4,3,0,1,0,3,0,0,0,0,0,0,0,0,0,1,3,4,0,0,0,0,0,0,0,0,7,8,3,1,2,1,0,2,3,4,2,1,3,6,10,10,1,0,0,2,0,5,0,0,0,1
"http://www.ebay.com/itm/James-Bond-007-Goldfinger-Pussy-Galore-Barbie-Doll-MISB-Mattel-/171773836241?pt=LH_DefaultDomain_0&hash=item27fe84bbd1" , 0,0,0,0,0,0,0,0,0,0,0,0,0,0,1,1,6,0,2,0,0,0,5,6,0,0,1,0,1,0,4,1,0,0,0,0,0,0,0,1,0,1,0,0,3,0,0,1,0,0,0,0,1,1,20,1,2,1,6,11,17,16,0,15,1,1,0,2,34,2,0,3,10,1,0,0,0,0,1
"http://globaldeals.ebay.com/Featured/Tech/?itm=271873826609&_trksid=&_trkparms=clkid%3D6440228836374672661" , 0,0,0,0,0,1,0,0,0,0,0,0,0,0,0,1,3,0,1,9,0,2,0,1,7,0,1,0,8,3,0,0,0,0,0,0,0,0,0,0,0,1,0,0,0,0,0,0,0,0,0,0,0,1,7,0,1,9,0,257,2,1,7,1,2,18,0,2,0,3,0,0,0,0,0,0,0,0,1
"http://www.ebay.com/itm/Samsung-SSD-120GB-120G-850-EVO-Solid-State-Drive-New-/131451710085?_trksid=p2053446.m2308.l4001" , 0,0,0,0,0,0,0,0,0,0,0,0,0,0,1,1,6,0,2,0,0,0,5,8,0,0,1,0,1,0,6,1,0,0,0,0,0,0,0,1,0,1,0,0,3,0,0,1,0,0,0,0,1,1,25,1,2,1,6,17,17,23,2,21,1,1,0,1,39,2,0,4,12,1,0,0,0,0,1
"http://www.ebay.com/itm/Samsung-SSD-120GB-120G-850-EVO-Solid-State-Drive-New-/131451710085?_trksid=p2053446.m2308.l4001" , 0,0,0,0,0,0,0,0,0,0,0,0,0,0,1,1,6,0,2,0,0,0,5,8,0,0,1,0,1,0,6,1,0,0,0,0,0,0,0,1,0,1,0,0,3,0,0,1,0,0,0,0,1,1,25,1,2,1,6,17,17,23,2,21,1,1,0,1,39,2,0,4,12,1,0,0,0,0,1
"http://www.ebay.com/itm/Samsung-SSD-120GB-120G-850-EVO-Solid-State-Drive-New-/131451710085?_trksid=p2053446.m2308.l4001" , 0,0,0,0,0,0,0,0,0,0,0,0,0,0,1,1,6,0,2,0,0,0,5,8,0,0,1,0,1,0,6,1,0,0,0,0,0,0,0,1,0,1,0,0,3,0,0,1,0,0,0,0,1,1,25,1,2,1,6,17,17,23,2,21,1,1,0,1,39,2,0,4,12,1,0,0,0,0,1
"http://www.ebay.com/itm/Samsung-SSD-120GB-120G-850-EVO-Solid-State-Drive-New-/131451710085?_trksid=p2053446.m2308.l4001" , 0,0,0,0,0,0,0,0,0,0,0,0,0,0,1,1,6,0,2,0,0,0,5,8,0,0,1,0,1,0,6,1,0,0,0,0,0,0,0,1,0,1,0,0,3,0,0,1,0,0,0,0,1,1,25,1,2,1,6,17,17,23,2,21,1,1,0,1,39,2,0,4,12,1,0,0,0,0,1
"http://www.ebay.com/itm/Samsung-SSD-120GB-120G-850-EVO-Solid-State-Drive-New-/131451710085?_trksid=p2053446.m2308.l4001" , 0,0,0,0,0,0,0,0,0,0,0,0,0,0,1,1,6,0,2,0,0,0,5,8,0,0,1,0,1,0,6,1,0,0,0,0,0,0,0,1,0,1,0,0,3,0,0,1,0,0,0,0,1,1,25,1,2,1,6,17,18,23,2,21,1,1,0,1,39,2,0,4,12,1,0,0,0,0,1
"http://www.ebay.com/itm/Samsung-SSD-120GB-120G-850-EVO-Solid-State-Drive-New-/131451710085?_trksid=p2053446.m2308.l4001" , 0,0,0,0,0,0,0,0,0,0,0,0,0,0,1,1,6,0,2,0,0,0,5,8,0,0,1,0,1,0,6,1,0,0,0,0,0,0,0,1,0,1,0,0,3,0,0,1,0,0,0,0,1,1,25,1,2,1,6,17,18,23,2,21,1,1,0,1,39,2,0,4,12,1,0,0,0,0,1
"http://www.ebay.com/itm/Samsung-SSD-120GB-120G-850-EVO-Solid-State-Drive-New-/131451710085?_trksid=p2053446.m2308.l4001" , 0,0,0,0,0,0,0,0,0,0,0,0,0,0,1,1,6,0,2,0,0,0,5,8,0,0,1,0,1,0,6,1,0,0,0,0,0,0,0,1,0,1,0,0,3,0,0,1,0,0,0,0,1,1,25,1,2,1,6,17,18,23,2,21,1,1,0,1,39,2,0,4,12,1,0,0,0,0,1
"http://www.ebay.com/itm/Samsung-SSD-120GB-120G-850-EVO-Solid-State-Drive-New-/131451710085?_trksid=p2053446.m2308.l4001" , 0,0,0,0,0,0,0,0,0,0,0,0,0,0,1,1,6,0,2,0,0,0,5,8,0,0,1,0,1,0,6,1,0,0,0,0,0,0,0,1,0,1,0,0,3,0,0,1,0,0,0,0,1,1,25,1,2,1,6,17,17,23,2,21,1,1,0,1,39,2,0,4,12,1,0,0,0,0,1
"http://www.ebay.com/itm/Samsung-SSD-120GB-120G-850-EVO-Solid-State-Drive-New-/131451710085?_trksid=p2053446.m2308.l4001" , 0,0,0,0,0,0,0,0,0,0,0,0,0,0,1,1,6,0,2,0,0,0,5,8,0,0,1,0,1,0,6,1,0,0,0,0,0,0,0,1,0,1,0,0,3,0,0,1,0,0,0,0,1,1,25,1,2,1,6,17,17,23,2,21,1,1,0,1,39,2,0,4,12,1,0,0,0,0,1
"http://www.amazon.com/ShowJade-Beautiful-Handmade-Sandalwood-rosewood/dp/B00GS7HR5U" , 0,0,0,0,0,0,0,0,0,0,0,0,0,0,2,5,8,2,1,2,1,0,3,0,1,0,1,6,4,0,0,1,0,0,0,0,0,0,0,0,0,0,0,2,2,0,0,0,0,0,0,0,14,5,16,2,6,16,18,18,16,2,2,4,1,4,0,15,13,0,1,0,2,3,0,0,0,2,1
"http://www.amazon.com/ShowJade-Beautiful-Handmade-Sandalwood-rosewood/dp/B00GS7HR5U" , 0,0,0,0,0,0,0,0,0,0,0,0,0,0,2,5,8,2,1,2,1,0,3,0,1,0,1,6,4,0,0,1,0,0,0,0,0,0,0,0,0,0,0,2,2,0,0,0,0,0,0,0,14,5,16,2,6,16,18,18,16,2,2,4,1,4,0,15,13,0,1,0,2,3,0,0,0,2,1
"http://www.amazon.com/ShowJade-Beautiful-Handmade-Sandalwood-rosewood/dp/B00GS7HR5U" , 0,0,0,0,0,0,0,0,0,0,0,0,0,0,2,5,8,2,1,2,1,0,3,0,1,0,1,6,4,0,0,1,0,0,0,0,0,0,0,0,0,0,0,2,2,0,0,0,0,0,0,0,14,5,16,2,6,16,18,18,16,2,2,4,1,4,0,15,13,0,1,0,2,3,0,0,0,2,1
"http://www.amazon.com/ShowJade-Beautiful-Handmade-Sandalwood-rosewood/dp/B00GS7HR5U" , 0,0,0,0,0,0,0,0,0,0,0,0,0,0,2,5,8,2,1,2,1,0,3,0,1,0,1,6,4,0,0,1,0,0,0,0,0,0,0,0,0,0,0,2,2,0,0,0,0,0,0,0,14,5,16,2,6,16,18,18,16,2,2,4,1,4,0,15,13,0,1,0,2,3,0,0,0,2,1
"http://www.amazon.com/ShowJade-Beautiful-Handmade-Sandalwood-rosewood/dp/B00GS7HR5U" , 0,0,0,0,0,0,0,0,0,0,0,0,0,0,0,0,0,0,0,0,0,0,0,0,0,0,0,0,0,0,0,0,0,0,0,0,0,0,0,0,0,0,0,0,0,0,0,0,0,0,0,0,0,0,0,0,0,0,0,0,0,0,0,0,0,0,0,0,0,0,0,0,0,0,0,0,0,0,1
"http://www.amazon.com/ShowJade-Beautiful-Handmade-Sandalwood-rosewood/dp/B00GS7HR5U" , 0,0,0,0,0,0,0,0,0,0,0,0,0,0,2,5,8,2,1,2,1,0,3,0,1,0,1,6,4,0,0,1,0,0,0,0,0,0,0,0,0,0,0,2,2,0,0,0,0,0,0,0,14,5,16,2,6,16,18,18,16,2,2,4,1,4,0,15,13,0,1,0,2,3,0,0,0,2,1
"http://www.amazon.com/ShowJade-Beautiful-Handmade-Sandalwood-rosewood/dp/B00GS7HR5U" , 0,0,0,0,0,0,0,0,0,0,0,0,0,0,2,5,8,2,1,2,1,0,3,0,1,0,1,6,4,0,0,1,0,0,0,0,0,0,0,0,0,0,0,2,2,0,0,0,0,0,0,0,14,5,16,2,6,16,18,18,16,2,2,4,1,4,0,15,13,0,1,0,2,3,0,0,0,2,1
"http://www.amazon.com/ShowJade-Beautiful-Handmade-Sandalwood-rosewood/dp/B00GS7HR5U" , 0,0,0,0,0,0,0,0,0,0,0,0,0,0,2,5,8,2,1,2,1,0,3,0,1,0,1,6,4,0,0,1,0,0,0,0,0,0,0,0,0,0,0,2,2,0,0,0,0,0,0,0,14,5,16,2,6,16,18,18,16,2,2,4,1,4,0,15,13,0,1,0,2,3,0,0,0,2,1
"http://www.amazon.com/ShowJade-Beautiful-Handmade-Sandalwood-rosewood/dp/B00GS7HR5U" , 0,0,0,0,0,0,0,0,0,0,0,0,0,0,2,5,8,2,1,2,1,0,3,0,1,0,1,6,4,0,0,1,0,0,0,0,0,0,0,0,0,0,0,2,2,0,0,0,0,0,0,0,14,5,16,2,6,16,18,18,16,2,2,4,1,4,0,15,13,0,1,0,2,3,0,0,0,2,1
"http://www.amazon.com/ShowJade-Beautiful-Handmade-Sandalwood-rosewood/dp/B00GS7HR5U" , 0,0,0,0,0,0,0,0,0,0,0,0,0,0,2,5,8,2,1,2,1,0,3,0,1,0,1,6,4,0,0,1,0,0,0,0,0,0,0,0,0,0,0,2,2,0,0,0,0,0,0,0,14,5,16,2,6,16,18,18,16,2,2,4,1,4,0,15,13,0,1,0,2,3,0,0,0,2,1
"http://www.amazon.com/ShowJade-Beautiful-Handmade-Sandalwood-rosewood/dp/B00GS7HR5U" , 0,0,0,0,0,0,0,0,0,0,0,0,0,0,2,5,8,2,1,2,1,0,3,0,1,0,1,6,4,0,0,1,0,0,0,0,0,0,0,0,0,0,0,2,2,0,0,0,0,0,0,0,14,5,16,2,6,16,18,18,16,2,2,4,1,4,0,15,13,0,1,0,2,3,0,0,0,2,1
"http://www.amazon.com/ShowJade-Beautiful-Handmade-Sandalwood-rosewood/dp/B00GS7HR5U" , 0,0,0,0,0,0,0,0,0,0,0,0,0,0,0,0,0,0,0,0,0,0,0,0,0,0,0,0,0,0,0,0,0,0,0,0,0,0,0,0,0,0,0,0,0,0,0,0,0,0,0,0,0,0,0,0,0,0,0,0,0,0,0,0,0,0,0,0,0,0,0,0,0,0,0,0,0,0,1
"http://www.amazon.com/Samsung-2-5-Inch-Internal-MZ-75E120B-AM/dp/B00OAJ5N6I" , 0,0,0,0,0,0,0,0,0,0,0,0,0,0,2,5,8,2,1,2,1,0,3,0,1,0,1,6,4,0,0,1,0,0,0,0,0,0,0,0,0,0,0,2,2,0,0,0,0,0,0,0,14,5,16,2,6,16,18,18,16,2,2,4,1,4,0,15,13,0,1,0,2,3,0,0,0,2,1
"http://www.amazon.com/Samsung-2-5-Inch-Internal-MZ-75E120B-AM/dp/B00OAJ5N6I" , 0,0,0,0,0,0,0,0,0,0,0,0,0,0,8,5,12,1,1,2,2,1,5,0,1,0,1,2,8,0,0,7,0,0,0,0,0,0,0,0,0,0,1,3,4,0,0,0,0,0,0,0,21,5,20,3,6,15,18,37,12,2,5,5,2,9,0,21,19,0,1,0,2,10,0,0,0,2,1
"http://www.amazon.com/Samsung-2-5-Inch-Internal-MZ-75E120B-AM/dp/B00OAJ5N6I" , 0,0,0,0,0,0,0,0,0,0,0,0,0,0,8,5,12,1,1,2,2,1,5,0,1,0,1,2,8,0,0,7,0,0,0,0,0,0,0,0,0,0,1,3,4,0,0,0,0,0,0,0,21,5,20,3,6,15,18,37,12,2,5,5,2,9,0,21,19,0,1,0,2,10,0,0,0,2,1
"http://www.amazon.com/Samsung-2-5-Inch-Internal-MZ-75E120B-AM/dp/B00OAJ5N6I" , 0,0,0,0,0,0,0,0,0,0,0,0,0,0,8,5,12,1,1,2,2,1,5,0,1,0,1,2,9,0,0,7,0,0,0,0,0,0,0,0,0,0,1,3,4,0,0,0,0,0,0,0,21,5,20,3,6,15,18,37,12,2,5,5,2,11,0,20,19,0,1,0,2,10,0,0,0,2,1
"http://www.benl.ebay.be/itm/Tobacco-Tabaco-tobak-Tabak-Cigarette-Smoking-Pouch-Case-Big-Wallet-Purse-/261697516815" , 0,0,0,0,0,0,0,0,0,0,0,0,0,0,0,0,0,0,0,0,0,0,2,1,0,0,0,0,0,1,0,0,0,0,0,0,0,0,0,1,0,0,0,0,0,0,1,4,0,0,0,0,0,0,0,0,0,1,0,13,4,11,0,0,0,0,0,2,9,4,0,8,3,0,0,0,0,0,1
"http://www.ebay.es/dsc/i.html?LH_TopRatedSellers=true&LH_TitleDesc=1&redirect=mobile&LH_FS=1&_nkw=tabaco+machine&_sop=19" , 0,0,0,0,0,0,0,0,0,0,0,0,0,0,0,0,1,0,0,0,0,0,0,0,0,0,0,1,0,0,0,0,0,0,0,0,0,0,0,0,0,0,0,0,0,0,0,0,0,1,0,0,0,0,2,0,0,0,0,0,0,0,0,0,0,0,0,1,0,1,2,0,0,0,0,0,0,0,1
"http://www.ebay.com.au/itm/tobacco-tabaco-tobak-tabak-cigarette-smoking-pouch-case-big-wallet-purse/261697516815?hash=item3cee63350f" , 0,0,0,0,0,0,0,0,0,0,0,0,0,0,1,1,6,1,2,0,0,0,5,5,0,0,1,0,1,1,4,1,0,0,0,0,0,0,0,1,0,1,0,0,2,0,1,5,0,0,0,0,1,1,21,2,2,3,5,20,8,23,2,13,1,1,0,2,42,4,0,5,14,1,0,0,0,0,1
"http://www.nathanieldiamonds.com/engagement-rings/solitaire.html" , 0,0,0,0,0,0,0,0,0,0,0,0,0,0,0,16,0,0,0,1,0,0,0,1,0,0,0,0,1,16,1,0,0,0,0,0,0,0,1,0,0,0,0,0,0,0,0,0,0,0,0,0,1,20,0,0,0,2,2,15,0,1,0,0,2,0,0,0,1,17,0,0,1,0,0,0,0,0,1
"http://www.nathanieldiamonds.com/engagement-rings/solitaire.html" , 0,0,0,0,0,0,0,0,0,0,0,0,0,0,0,16,0,0,0,1,0,0,0,1,0,0,0,0,1,16,1,0,0,0,0,0,0,0,1,0,0,0,0,0,0,0,0,0,0,0,0,0,1,20,0,0,0,2,2,15,0,1,0,0,2,0,0,0,1,17,0,0,1,0,0,0,0,0,1
"http://www.zoara.com/engagement/rings/p_timelessly_radiant_engagement_ring#p=10398" , 0,0,0,0,0,0,0,0,0,0,0,0,0,0,1,2,1,0,0,3,1,10,0,0,0,3,1,2,0,0,0,0,0,0,0,0,0,0,0,0,0,0,0,1,0,0,0,0,0,0,0,0,1,2,1,1,0,5,7,18,1,0,1,4,1,0,0,5,2,0,0,0,0,0,0,0,0,0,1
"http://www.zoara.com/engagement/rings/p_timelessly_radiant_engagement_ring#p=10398" , 0,0,0,0,0,0,0,0,0,0,0,0,0,0,1,2,1,0,0,3,1,10,0,0,0,3,1,2,0,0,0,0,0,0,0,0,0,0,0,0,0,0,0,1,0,0,0,0,0,0,0,0,1,2,1,1,0,5,7,18,1,0,1,4,1,0,0,5,2,0,0,0,0,0,0,0,0,0,1
"http://www.zoara.com/engagement/rings/p_timelessly_radiant_engagement_ring#p=10398" , 0,0,0,0,0,0,0,0,0,0,0,0,0,0,1,2,1,0,0,3,1,10,0,0,0,3,1,2,0,0,0,0,0,0,0,0,0,0,0,0,0,0,0,1,0,0,0,0,0,0,0,0,1,2,1,1,0,5,7,18,1,0,1,4,1,0,0,5,2,0,0,0,0,0,0,0,0,0,1
"http://www.zoara.com/engagement/rings/p_timelessly_radiant_engagement_ring#p=10398" , 0,0,0,0,0,0,0,0,0,0,0,0,0,0,1,2,1,0,0,3,1,10,0,0,0,3,1,2,0,0,0,0,0,0,0,0,0,0,0,0,0,0,0,1,0,0,0,0,0,0,0,0,1,2,1,1,0,5,7,18,1,0,1,4,1,0,0,5,2,0,0,0,0,0,0,0,0,0,1
"http://www.zoara.com/engagement/rings/p_timelessly_radiant_engagement_ring#p=10398" , 0,0,0,0,0,0,0,0,0,0,0,0,0,0,1,2,1,0,0,3,1,10,0,0,0,3,1,2,0,0,0,0,0,0,0,0,0,0,0,0,0,0,0,1,0,0,0,0,0,0,0,0,1,2,1,1,0,5,7,18,1,0,1,4,1,0,0,5,2,0,0,0,0,0,0,0,0,0,1
"http://www.zoara.com/engagement/rings/p_timelessly_radiant_engagement_ring#p=10398" , 0,0,0,0,0,0,0,0,0,0,0,0,0,0,1,2,1,0,0,3,1,10,0,0,0,3,1,2,0,0,0,0,0,0,0,0,0,0,0,0,0,0,0,1,0,0,0,0,0,0,0,0,1,2,1,1,0,5,7,18,1,0,1,4,1,0,0,5,2,0,0,0,0,0,0,0,0,0,1
"http://www.zoara.com/engagement/rings/p_timelessly_radiant_engagement_ring#p=10398" , 0,0,0,0,0,0,0,0,0,0,0,0,0,0,1,2,1,0,0,3,1,10,0,0,0,3,1,2,0,0,0,0,0,0,0,0,0,0,0,0,0,0,0,1,0,0,0,0,0,0,0,0,1,2,1,1,0,5,7,18,1,0,1,4,1,0,0,5,2,0,0,0,0,0,0,0,0,0,1
"http://www.zoara.com/engagement/rings/p_timelessly_radiant_engagement_ring#p=10398" , 0,0,0,0,0,0,0,0,0,0,0,0,0,0,1,2,1,0,0,3,1,10,0,0,0,3,1,2,0,0,0,0,0,0,0,0,0,0,0,0,0,0,0,1,0,0,0,0,0,0,0,0,1,2,1,1,0,5,7,18,1,0,1,4,1,0,0,5,2,0,0,0,0,0,0,0,0,0,1
"http://www.zoara.com/engagement/rings/p_timelessly_radiant_engagement_ring#p=10398" , 0,0,0,0,0,0,0,0,0,0,0,0,0,0,1,2,1,0,0,3,1,10,0,0,0,3,1,2,0,0,0,0,0,0,0,0,0,0,0,0,0,0,0,1,0,0,0,0,0,0,0,0,1,2,1,1,0,5,7,18,1,0,1,4,1,0,0,5,2,0,0,0,0,0,0,0,0,0,1
"http://www.zoara.com/engagement/rings/p_timelessly_radiant_engagement_ring#p=10398" , 0,0,0,0,0,0,0,0,0,0,0,0,0,0,1,2,1,0,0,3,1,10,0,0,0,3,1,2,0,0,0,0,0,0,0,0,0,0,0,0,0,0,0,1,0,0,0,0,0,0,0,0,1,2,1,1,0,5,7,18,1,0,1,4,1,0,0,5,2,0,0,0,0,0,0,0,0,0,1
"http://www.zoara.com/engagement/rings/p_timelessly_radiant_engagement_ring#p=10398" , 0,0,0,0,0,0,0,0,0,0,0,0,0,0,1,2,1,0,0,3,1,10,0,0,0,3,1,2,0,0,0,0,0,0,0,0,0,0,0,0,0,0,0,1,0,0,0,0,0,0,0,0,1,2,1,1,0,5,7,18,1,0,1,4,1,0,0,5,2,0,0,0,0,0,0,0,0,0,1
"http://www.zoara.com/engagement/rings/p_timelessly_radiant_engagement_ring#p=10398" , 0,0,0,0,0,0,0,0,0,0,0,0,0,0,1,2,1,0,0,3,1,10,0,0,0,3,1,2,0,0,0,0,0,0,0,0,0,0,0,0,0,0,0,1,0,0,0,0,0,0,0,0,1,2,1,1,0,5,7,18,1,0,1,4,1,0,0,5,2,0,0,0,0,0,0,0,0,0,1
"http://www.amazon.com/HTC-Silver-Factory-Unlocked-Full/dp/B00WLWDTIU" , 1,0,1,0,0,0,0,0,0,0,0,0,0,0,1,5,8,1,1,1,0,0,1,0,1,1,0,1,5,0,0,0,0,0,0,0,0,0,0,0,0,0,0,3,2,0,0,0,0,0,0,0,1,5,9,1,1,1,0,7,3,2,2,2,1,5,0,8,4,0,1,0,2,0,0,0,0,0,1
"http://www.bazaarphones.com/htc-one-m9-factory-unlocked-5-full-hd--207-mp--32gb--3gb-ram-75-p.asp" , 0,0,0,0,0,0,0,0,0,0,0,0,0,0,1,0,0,0,0,0,0,0,0,0,0,0,0,0,0,0,0,0,0,0,0,0,0,0,0,0,0,0,0,0,0,0,0,0,0,0,0,0,1,0,0,0,0,0,1,1,0,0,0,0,0,0,0,0,0,0,0,0,0,0,0,0,0,0,1
"http://www.phonecelltronic.org/store/p278/HTC_ONE_M9_Silver_%28FACTORY_UNLOCKED%29_5%22_Full_HD_,_20.7_MP_,_32GB_,_3GB_RAM.html" , 0,0,0,0,0,0,0,0,0,0,0,0,0,0,0,1,0,0,0,0,0,0,0,0,0,1,0,0,1,0,0,0,0,0,0,0,0,0,0,0,0,0,0,0,0,0,0,0,0,0,0,0,0,1,0,0,0,0,0,3,0,0,0,1,0,1,0,0,0,0,0,0,0,0,0,0,0,0,1
"http://www.trustedreviews.com/best-smartphone_round-up_Page-12" , 0,0,0,0,0,0,0,0,0,0,0,0,0,0,0,0,0,0,0,0,0,0,0,0,0,0,0,0,0,0,0,0,0,0,0,0,0,0,0,0,0,0,0,0,0,0,0,0,0,0,0,0,0,0,0,0,0,0,0,5,0,0,0,0,0,1,0,0,6,0,0,0,0,0,0,0,0,0,1
"http://club4g.org/board/non-automotive-related-sale-wanted/84881-iphone-6-6-galaxy-note-4-s5-s6-s6-edge.html" , 1,0,0,0,0,1,0,0,0,0,0,0,0,0,0,1,5,0,1,0,4,0,0,0,0,2,1,0,1,0,0,0,0,0,0,0,0,0,0,0,0,0,0,0,1,0,0,0,0,0,0,0,0,1,6,1,1,0,9,60,0,0,0,3,1,1,0,1,6,1,0,0,0,0,0,0,0,0,1
"http://club4g.org/board/non-automotive-related-sale-wanted/84881-iphone-6-6-galaxy-note-4-s5-s6-s6-edge.html" , 1,0,0,0,0,1,0,0,0,0,0,0,0,0,0,3,6,0,1,0,5,0,1,0,1,2,1,0,1,0,0,0,0,0,0,0,0,0,0,0,0,0,0,0,1,0,0,0,0,0,0,0,0,4,9,1,1,0,9,0,1,0,1,5,1,1,0,0,5,1,0,0,0,0,0,0,0,0,1
"http://club4g.org/board/non-automotive-related-sale-wanted/84881-iphone-6-6-galaxy-note-4-s5-s6-s6-edge.html" , 0,0,0,0,0,0,0,0,0,0,0,0,0,1,4,1,4,2,4,2,1,0,2,2,7,4,0,5,2,0,1,1,0,0,0,0,0,0,0,0,0,0,0,1,1,0,0,0,0,0,0,0,4,1,7,2,4,3,3,2,4,4,12,6,0,2,0,9,7,0,0,0,3,1,0,0,0,0,1
"http://club4g.org/board/non-automotive-related-sale-wanted/84881-iphone-6-6-galaxy-note-4-s5-s6-s6-edge.html" , 0,0,0,0,0,0,0,0,0,0,0,0,0,0,0,1,3,0,1,0,0,0,0,0,0,3,1,0,1,0,0,0,0,0,0,0,0,0,0,0,0,0,2,0,0,0,0,0,0,0,0,0,0,2,6,0,1,0,2,57,1,1,0,40,2,1,0,1,1,0,0,0,1,0,0,0,0,0,1
"http://club4g.org/board/non-automotive-related-sale-wanted/84881-iphone-6-6-galaxy-note-4-s5-s6-s6-edge.html" , 0,0,0,0,0,0,0,0,0,0,0,0,0,0,0,1,3,0,1,0,0,0,0,0,0,1,1,0,1,0,0,0,0,0,0,0,0,0,0,0,0,0,1,0,0,0,0,0,0,0,0,0,0,1,5,0,1,0,1,30,0,0,0,40,5,1,0,0,1,0,0,0,0,0,0,0,0,0,1
"http://club4g.org/board/non-automotive-related-sale-wanted/84881-iphone-6-6-galaxy-note-4-s5-s6-s6-edge.html" , 1,0,0,0,1,0,0,8,0,10,1,0,0,1,1,0,0,0,0,0,0,0,0,0,0,0,0,0,0,0,0,0,0,0,0,1,0,0,0,0,0,0,1,0,0,0,0,0,0,0,0,0,1,3,0,0,0,0,2,2,0,0,0,3,0,1,0,0,0,0,0,0,0,0,0,0,0,1,1
"http://club4g.org/board/non-automotive-related-sale-wanted/84881-iphone-6-6-galaxy-note-4-s5-s6-s6-edge.html" , 1,0,0,0,0,1,0,0,0,0,0,0,0,0,0,1,5,0,1,0,3,2,1,0,0,6,1,0,1,0,0,0,0,0,0,0,0,0,0,0,0,0,1,0,1,0,0,0,0,0,0,0,0,2,11,5,1,1,8,2,65,0,0,49,1,1,0,1,4,0,0,0,0,0,0,0,0,0,1
"http://club4g.org/board/non-automotive-related-sale-wanted/84881-iphone-6-6-galaxy-note-4-s5-s6-s6-edge.html" , 0,0,0,0,0,0,0,0,0,0,0,0,0,0,0,0,0,0,0,0,0,0,0,0,0,0,0,0,0,0,0,0,0,0,0,0,0,0,0,0,0,0,0,0,0,0,0,0,0,0,0,0,0,0,0,0,0,0,0,0,0,0,0,0,0,0,0,0,0,0,0,0,0,0,0,0,0,0,1
"http://losangeles.craigslist.com.au/mob/index100.html" , 0,0,0,0,0,0,0,0,0,0,0,0,0,0,0,0,0,0,0,0,0,0,0,1,1,0,0,0,0,0,0,0,0,0,0,0,0,0,0,0,0,0,0,0,0,0,0,0,0,0,0,0,0,2,6,3,0,0,4,15,1,4,6,6,1,0,0,0,0,0,0,0,1,0,0,0,0,0,1
"http://losangeles.craigslist.com.au/mob/index100.html" , 0,0,0,0,0,0,0,0,0,0,0,0,0,0,0,2,0,0,0,0,0,1,0,0,0,1,0,0,1,0,0,0,0,0,0,0,0,0,0,0,0,0,1,0,0,0,0,0,0,0,0,0,0,2,0,1,0,1,0,1,0,2,0,4,0,0,0,0,0,0,0,0,1,0,0,0,0,0,1
"http://losangeles.craigslist.com.au/mob/index100.html" , 1,0,0,0,0,1,0,0,0,0,0,0,0,0,0,1,6,0,1,0,3,1,1,0,0,5,1,0,1,0,0,0,0,0,0,0,0,0,0,0,0,0,1,0,1,0,0,0,0,0,0,0,0,2,13,2,1,0,8,1,59,0,0,34,1,1,0,1,5,0,0,0,0,0,0,0,0,0,1
"http://losangeles.craigslist.com.au/mob/index100.html" , 1,0,0,0,0,1,0,0,0,0,0,0,0,0,0,1,5,0,1,0,3,1,1,0,0,7,1,0,1,0,0,0,0,0,0,0,0,0,0,0,0,0,1,0,1,0,0,0,0,0,0,0,0,4,18,2,1,0,9,1,63,1,0,51,1,1,0,1,3,0,0,0,0,0,0,0,0,0,1
"http://www.ebay.it/sch/Cellulari-componenti-/43304/i.html" , 0,0,0,0,0,0,0,0,0,0,0,0,0,0,0,1,0,0,0,0,0,0,0,0,0,0,0,0,0,0,0,0,0,0,0,0,0,0,0,0,0,0,0,0,0,0,0,0,0,0,0,0,0,1,0,0,0,0,0,0,0,0,0,0,0,0,0,0,0,1,0,0,0,0,0,0,0,0,1
"http://www.handtec.co.uk/google-nexus-6-32gb-midnight-blue-sm3969ay2b1.html" , 0,0,0,0,0,0,0,0,0,0,0,0,0,0,0,0,0,0,0,0,0,0,0,0,0,0,0,0,0,0,0,0,0,0,0,0,0,0,0,0,0,0,0,0,0,0,0,0,0,0,0,0,0,0,0,0,0,0,0,0,0,0,0,0,0,0,0,0,0,0,0,0,0,0,0,0,0,0,1
"http://www.handtec.co.uk/google-nexus-6-32gb-midnight-blue-sm3969ay2b1.html" , 0,0,0,0,0,0,0,0,0,0,0,0,0,0,22,4,0,1,0,0,0,0,2,0,1,0,1,0,0,0,0,20,0,0,0,0,0,0,0,0,0,0,0,0,0,0,0,0,0,1,0,0,24,4,0,3,0,4,3,46,6,2,2,2,2,0,0,1,1,0,0,0,2,20,0,0,0,0,1
"http://www.handtec.co.uk/google-nexus-6-32gb-midnight-blue-sm3969ay2b1.html" , 0,0,0,0,0,0,0,0,0,0,0,0,0,0,0,2,0,0,0,0,0,1,0,0,0,1,0,0,1,0,0,0,0,0,0,0,0,0,0,0,0,0,1,0,0,0,0,0,0,0,0,0,0,2,10,19,0,8,4,41,0,0,10,6,0,0,0,11,0,0,0,0,0,0,0,0,0,0,1
"http://www.handtec.co.uk/google-nexus-6-32gb-midnight-blue-sm3969ay2b1.html" , 1,0,0,0,0,1,0,0,0,0,0,0,0,0,0,1,7,0,1,0,3,1,1,0,0,3,1,0,1,0,0,0,0,0,0,0,0,0,0,0,0,0,0,0,1,0,0,0,0,0,0,0,0,2,10,1,1,0,8,1,59,0,0,32,1,1,0,1,3,0,0,0,0,0,0,0,0,0,1
"http://www.handtec.co.uk/google-nexus-6-32gb-midnight-blue-sm3969ay2b1.html" , 1,0,0,0,0,1,0,0,0,0,0,0,0,0,0,1,4,0,1,0,3,0,1,0,0,2,1,0,1,0,0,0,0,0,0,0,0,0,0,0,0,0,0,0,1,0,0,0,0,0,0,0,0,2,8,5,1,0,8,0,35,0,0,23,1,1,0,1,3,0,0,0,0,0,0,0,0,0,1
"http://www.handtec.co.uk/google-nexus-6-32gb-midnight-blue-sm3969ay2b1.html" , 0,0,0,0,0,0,0,0,0,0,0,0,0,1,8,0,0,0,0,5,3,3,1,1,0,1,0,5,0,0,1,3,1,0,0,2,0,0,0,0,0,0,0,0,0,0,0,0,0,0,0,0,8,0,0,1,0,7,3,3,1,1,0,2,0,1,1,8,2,2,0,0,1,3,1,0,0,2,1
"http://www.handtec.co.uk/google-nexus-6-32gb-midnight-blue-sm3969ay2b1.html" , 0,0,0,0,0,0,0,0,0,1,0,0,0,0,1,0,0,0,0,1,0,1,0,0,0,0,2,4,0,0,0,1,0,0,0,0,0,0,0,0,0,0,0,0,0,0,0,0,0,0,0,0,1,0,0,0,0,1,0,8,0,4,0,0,5,0,0,6,0,0,0,0,4,1,0,0,0,0,1
"http://www.handtec.co.uk/google-nexus-6-32gb-midnight-blue-sm3969ay2b1.html" , 0,0,0,0,0,0,0,0,0,0,0,0,0,1,13,0,0,0,1,2,0,0,0,0,1,1,1,0,0,0,0,12,0,0,0,0,0,0,0,0,0,0,0,2,0,0,0,0,0,3,0,0,13,0,2,0,2,2,2,14,0,0,1,2,1,0,0,10,2,0,0,0,0,12,0,0,0,0,1
"http://www.handtec.co.uk/google-nexus-6-32gb-midnight-blue-sm3969ay2b1.html" , 0,0,0,0,0,0,0,0,0,0,0,0,0,0,8,11,1,0,0,2,0,1,1,9,6,0,0,0,10,0,3,7,0,0,0,0,0,0,0,0,0,0,0,0,0,0,0,0,0,0,0,0,10,12,1,4,0,10,13,27,6,42,15,8,4,10,0,3,0,0,2,0,20,7,0,0,0,0,1
"http://www.handtec.co.uk/google-nexus-6-32gb-midnight-blue-sm3969ay2b1.html" , 0,0,0,0,0,0,0,0,0,0,0,0,0,0,0,0,0,0,0,0,0,0,0,0,0,0,0,0,0,0,0,0,0,0,0,0,0,0,0,0,0,0,0,0,0,0,0,0,0,0,0,0,0,0,0,0,0,0,0,0,0,0,0,0,0,0,0,0,0,0,0,0,0,0,0,0,0,0,1
"http://www.handtec.co.uk/google-nexus-6-32gb-midnight-blue-sm3969ay2b1.html" , 0,0,0,0,0,0,0,0,0,0,0,0,0,1,8,0,0,0,0,5,3,3,1,1,0,1,0,5,0,0,1,3,1,0,0,2,0,0,0,0,0,0,0,0,0,0,0,0,0,0,0,0,8,0,0,1,0,7,3,3,1,1,0,2,0,1,1,8,2,2,0,0,1,3,1,0,0,2,1
"http://www.handtec.co.uk/google-nexus-6-32gb-midnight-blue-sm3969ay2b1.html" , 0,0,0,0,0,0,0,0,0,0,0,0,0,1,13,0,0,0,1,2,0,0,0,0,1,1,1,0,0,0,0,12,0,0,0,0,0,0,0,0,0,0,0,2,0,0,0,0,0,3,0,0,13,0,2,0,2,2,2,14,0,0,1,2,1,0,0,10,2,0,0,0,0,12,0,0,0,0,1
"http://www.handtec.co.uk/google-nexus-6-32gb-midnight-blue-sm3969ay2b1.html" , 0,0,0,0,0,0,0,0,0,0,0,0,0,0,22,4,0,1,0,0,0,0,2,0,1,0,1,0,0,0,0,20,0,0,0,0,0,0,0,0,0,0,0,0,0,0,0,0,0,1,0,0,24,4,0,3,0,4,3,46,6,2,2,2,2,0,0,1,1,0,0,0,2,20,0,0,0,0,1
"http://www.handtec.co.uk/google-nexus-6-32gb-midnight-blue-sm3969ay2b1.html" , 1,0,0,0,0,1,0,0,0,0,0,0,0,0,0,1,4,0,1,0,3,0,1,0,0,2,1,0,1,0,0,0,0,0,0,0,0,0,0,0,0,0,0,0,1,0,0,0,0,0,0,0,0,2,8,5,1,0,8,0,35,0,0,23,1,1,0,1,3,0,0,0,0,0,0,0,0,0,1
"http://www.handtec.co.uk/google-nexus-6-32gb-midnight-blue-sm3969ay2b1.html" , 1,0,0,0,0,1,0,0,0,0,0,0,0,0,0,1,7,0,1,0,3,1,1,0,0,3,1,0,1,0,0,0,0,0,0,0,0,0,0,0,0,0,0,0,1,0,0,0,0,0,0,0,0,2,10,1,1,0,8,1,59,0,0,32,1,1,0,1,3,0,0,0,0,0,0,0,0,0,1
"http://www.handtec.co.uk/google-nexus-6-32gb-midnight-blue-sm3969ay2b1.html" , 0,0,0,0,0,0,0,0,0,0,0,0,0,0,0,2,0,0,0,0,0,1,0,0,0,1,0,0,1,0,0,0,0,0,0,0,0,0,0,0,0,0,1,0,0,0,0,0,0,0,0,0,0,2,10,19,0,8,4,41,0,0,10,6,0,0,0,11,0,0,0,0,0,0,0,0,0,0,1
"http://www.handtec.co.uk/google-nexus-6-32gb-midnight-blue-sm3969ay2b1.html" , 0,0,0,0,0,0,0,0,0,0,0,0,0,0,8,11,1,0,0,2,0,1,1,9,6,0,0,0,10,0,3,7,0,0,0,0,0,0,0,0,0,0,0,0,0,0,0,0,0,0,0,0,10,12,1,4,0,10,13,27,6,42,15,8,4,10,0,3,0,0,2,0,20,7,0,0,0,0,1
"http://www.handtec.co.uk/google-nexus-6-32gb-midnight-blue-sm3969ay2b1.html" , 0,0,0,0,0,0,0,0,0,1,0,0,0,0,1,0,0,0,0,1,0,1,0,0,0,0,2,4,0,0,0,1,0,0,0,0,0,0,0,0,0,0,0,0,0,0,0,0,0,0,0,0,1,0,0,0,0,1,0,8,0,4,0,0,5,0,0,6,0,0,0,0,4,1,0,0,0,0,1
"http://www.buy.com/specialty_store_5/unlocked-gsm-cell-phones/63038.html" , 1,0,0,0,0,1,0,0,0,0,0,0,0,0,0,1,5,0,1,0,4,0,0,0,0,2,1,0,1,0,0,0,0,0,0,0,0,0,0,0,0,0,0,0,1,0,0,0,0,0,0,0,0,1,6,1,1,0,9,66,0,0,0,3,1,1,0,1,6,1,0,0,0,0,0,0,0,0,1
"http://www.buy.com/specialty_store_5/unlocked-gsm-cell-phones/63038.html" , 1,0,1,0,0,1,0,0,0,0,0,0,1,0,0,3,0,0,0,0,0,0,0,0,0,0,0,0,0,0,0,0,0,0,0,0,0,0,0,0,0,0,0,0,0,0,0,0,0,0,0,0,0,6,0,0,0,0,4,4,0,0,1,1,3,0,0,4,0,0,0,0,0,0,0,0,0,0,1
"http://www.buy.com/specialty_store_5/unlocked-gsm-cell-phones/63038.html" , 0,0,0,0,0,0,0,0,0,0,0,0,0,0,0,0,0,0,0,0,0,0,0,0,0,0,0,0,0,0,0,0,0,0,0,0,0,0,0,0,0,0,0,0,0,0,0,0,0,0,0,0,0,0,0,0,0,0,0,0,0,0,0,0,0,0,0,0,0,0,0,0,0,0,0,0,0,0,1
"http://www.buy.com/specialty_store_5/unlocked-gsm-cell-phones/63038.html" , 0,0,0,0,0,0,0,0,0,0,0,0,0,0,0,0,0,0,0,0,0,0,0,0,0,0,0,0,0,0,0,0,0,0,0,0,0,0,0,0,0,0,0,0,0,0,0,0,0,0,0,0,0,0,0,0,0,0,0,0,0,0,0,0,0,0,0,0,0,0,0,0,0,0,0,0,0,0,1
"http://www.buy.com/specialty_store_5/unlocked-gsm-cell-phones/63038.html" , 0,0,1,0,0,0,0,0,0,0,0,0,0,0,0,0,1,1,0,0,0,2,0,0,0,0,0,0,0,0,0,0,0,0,0,0,0,0,0,0,0,0,0,0,0,0,0,0,0,0,0,0,0,1,1,1,0,2,7,9,0,3,2,2,1,0,0,2,0,0,0,0,0,0,0,0,0,0,1
"http://www.buy.com/specialty_store_5/unlocked-gsm-cell-phones/63038.html" , 1,0,0,0,0,1,0,0,0,0,0,0,0,0,0,3,5,0,1,0,4,0,1,0,1,2,1,0,1,0,0,0,0,0,0,0,0,0,0,0,0,0,1,0,1,0,0,0,0,0,0,0,0,4,6,1,1,0,9,0,1,0,1,6,1,1,0,0,3,1,0,0,0,0,0,0,0,0,1
"http://www.buy.com/specialty_store_5/unlocked-gsm-cell-phones/63038.html" , 1,0,0,0,0,1,0,0,0,0,0,0,0,0,0,1,5,0,1,0,4,0,0,0,0,8,1,0,1,0,0,0,0,0,0,0,0,0,0,0,0,0,1,0,1,0,0,0,0,0,0,0,0,3,6,1,1,0,9,79,0,0,0,18,1,1,0,2,6,1,0,0,0,0,0,0,0,0,1
"http://www.buy.com/specialty_store_5/unlocked-gsm-cell-phones/63038.html" , 0,0,0,0,0,0,0,0,0,0,0,0,0,0,0,2,0,0,0,0,0,0,0,0,0,0,0,0,5,0,0,0,0,0,0,0,0,0,0,0,0,0,0,0,0,0,0,0,0,0,0,0,1,2,1,0,0,1,1,8,1,0,0,0,0,5,0,0,0,0,0,0,0,0,0,0,0,0,1
"http://www.buy.com/specialty_store_5/unlocked-gsm-cell-phones/63038.html" , 0,0,0,0,0,0,0,0,0,0,0,0,0,0,0,2,0,0,0,0,0,1,0,0,0,1,0,0,1,0,0,0,0,0,0,0,0,0,0,0,0,0,1,0,0,0,0,0,0,0,0,0,0,2,2,0,0,0,0,1,0,1,1,2,0,0,0,0,0,0,0,0,0,0,0,0,0,0,1
"http://www.buy.com/specialty_store_5/unlocked-gsm-cell-phones/63038.html" , 1,0,0,0,0,1,0,0,0,0,0,0,0,0,0,1,5,0,1,0,4,0,0,0,0,8,1,0,1,0,0,0,0,0,0,0,0,0,0,0,0,0,1,0,1,0,0,0,0,0,0,0,0,3,6,1,1,0,9,60,0,0,0,18,1,1,0,2,6,1,0,0,0,0,0,0,0,0,1
"http://www.buy.com/specialty_store_5/unlocked-gsm-cell-phones/63038.html" , 1,0,0,0,0,1,0,0,0,0,0,0,0,0,0,3,5,1,1,0,4,0,1,0,2,3,1,0,1,0,0,0,0,0,0,0,0,0,0,0,0,0,0,0,1,0,0,0,1,0,0,0,0,4,7,2,1,0,8,0,1,0,2,6,1,1,0,0,6,1,0,0,0,0,0,0,0,0,1
"http://www.buy.com/specialty_store_5/unlocked-gsm-cell-phones/63038.html" , 0,0,0,0,0,0,0,0,0,0,0,0,0,1,18,0,0,0,0,5,3,3,1,1,0,1,0,4,0,0,1,13,0,0,0,2,0,0,0,0,0,0,0,0,0,0,0,0,0,0,0,0,18,0,0,0,0,10,4,3,3,3,1,4,0,1,0,8,5,2,1,0,1,13,0,0,0,2,1
"http://www.buy.com/specialty_store_5/unlocked-gsm-cell-phones/63038.html" , 0,0,0,1,0,0,0,0,0,0,0,0,0,1,3,1,4,2,4,2,1,0,2,2,7,4,0,5,2,0,1,1,0,0,0,0,0,0,0,0,0,0,0,1,1,0,0,0,0,0,0,0,3,1,7,2,4,3,4,4,4,4,13,7,0,2,0,10,7,0,0,0,3,1,0,0,0,0,1
"http://www.buy.com/specialty_store_5/unlocked-gsm-cell-phones/63038.html" , 0,0,0,0,1,0,0,0,0,0,0,0,0,0,0,0,3,5,0,1,4,0,41,2,1,3,0,5,0,0,1,0,0,0,0,0,0,0,0,0,0,0,0,0,0,0,0,0,0,1,0,0,0,0,4,6,0,41,36,48,41,2,1,6,0,0,0,10,0,0,0,0,1,0,0,0,0,0,1
"http://www.buy.com/specialty_store_5/unlocked-gsm-cell-phones/63038.html" , 0,0,0,1,1,0,0,0,0,0,0,0,0,0,2,2,0,0,0,0,0,0,0,3,3,0,4,0,2,0,1,0,0,0,0,0,0,0,0,0,0,0,0,0,0,1,0,0,0,0,0,0,6,9,0,1,0,2,0,4,0,5,3,0,4,3,0,2,1,0,0,0,1,1,0,0,0,0,1
"http://www.buy.com/specialty_store_5/unlocked-gsm-cell-phones/63038.html" , 0,0,0,1,1,0,0,0,0,0,0,0,0,0,2,2,0,0,0,0,0,0,0,3,3,0,4,0,2,0,1,0,0,0,0,0,0,0,0,0,0,0,0,0,0,1,0,0,0,0,0,0,6,9,0,1,0,2,0,4,0,5,3,0,4,3,0,2,1,0,0,0,1,1,0,0,0,0,1
"http://www.buy.com/specialty_store_5/unlocked-gsm-cell-phones/63038.html" , 0,0,0,0,0,0,0,0,0,0,0,0,0,0,0,0,0,0,0,0,0,0,0,0,0,0,0,0,0,0,0,0,0,0,0,0,0,0,0,0,0,0,0,0,0,0,0,0,0,0,0,0,0,0,0,0,0,0,0,14,0,0,0,0,0,0,0,0,0,0,0,0,0,0,0,0,0,0,1
"http://www.buy.com/specialty_store_5/unlocked-gsm-cell-phones/63038.html" , 1,0,0,0,0,1,0,0,0,0,0,0,0,0,0,1,5,0,1,0,3,3,1,0,0,7,1,0,1,0,0,0,0,0,0,0,0,0,0,0,0,0,1,0,1,0,0,0,0,0,0,0,0,2,11,4,1,1,8,3,65,0,0,54,1,1,0,1,5,0,0,0,0,0,0,0,0,0,1
"http://www.buy.com/specialty_store_5/unlocked-gsm-cell-phones/63038.html" , 0,0,0,0,0,0,0,0,0,0,0,0,0,0,0,1,0,0,0,0,2,0,2,0,0,0,0,5,0,0,0,0,0,0,0,0,0,0,0,0,0,0,0,1,0,0,0,0,0,0,0,0,0,2,0,0,0,0,5,3,4,0,0,1,0,0,0,12,0,0,0,0,0,0,0,0,0,0,1
"http://www.buy.com/specialty_store_5/unlocked-gsm-cell-phones/63038.html" , 0,0,0,0,1,0,0,0,0,0,0,0,0,0,27,2,2,0,0,2,4,4,4,0,6,7,0,0,5,0,0,25,0,0,0,0,0,0,0,0,0,0,0,0,0,0,0,0,0,0,0,0,27,5,3,0,0,5,23,80,4,0,6,7,0,5,0,0,1,0,0,0,0,25,0,0,0,0,1
"http://www.aliexpress.com/w/wholesale-google-nexus-5.html" , 1,0,0,0,1,0,0,8,0,10,1,0,0,1,1,0,0,0,0,0,0,0,0,0,0,0,0,0,0,0,0,0,0,0,0,1,0,0,0,0,0,0,1,0,0,0,0,0,0,0,0,0,1,3,0,0,0,0,2,2,0,0,0,3,0,1,0,0,0,0,0,0,0,0,0,0,0,1,1
"http://www.aliexpress.com/w/wholesale-google-nexus-5.html" , 1,1,0,0,0,0,0,0,0,0,0,0,0,0,2,9,3,14,2,36,11,1,0,1,9,2,0,4,4,3,0,0,0,0,0,0,0,0,0,0,0,0,0,0,0,2,0,0,0,0,0,0,2,10,3,16,2,72,12,37,0,1,9,2,0,4,0,4,0,5,0,0,0,0,0,0,0,0,1
"http://www.aliexpress.com/w/wholesale-google-nexus-5.html" , 0,0,0,0,0,0,0,0,0,0,0,0,0,0,1,5,6,1,1,1,0,0,0,0,3,0,0,2,4,0,0,0,0,0,0,0,0,0,0,0,0,2,0,1,2,0,0,0,0,0,0,0,1,6,8,1,1,1,13,74,0,2,4,0,0,4,0,8,4,0,1,0,2,0,0,0,0,0,1
"http://www.aliexpress.com/w/wholesale-google-nexus-5.html" , 1,0,0,0,0,1,0,0,0,0,0,0,0,0,0,1,5,0,1,0,3,3,1,0,0,7,1,0,1,0,0,0,0,0,0,0,0,0,0,0,0,0,1,0,1,0,0,0,0,0,0,0,0,2,11,4,1,1,8,3,66,0,0,54,1,1,0,1,5,0,0,0,0,0,0,0,0,0,1
"http://www.aliexpress.com/w/wholesale-google-nexus-5.html" , 1,0,1,0,0,0,1,0,0,0,0,0,0,0,1,2,5,12,38,39,15,0,0,1,6,4,0,2,3,0,0,0,0,0,0,0,0,0,0,0,0,0,0,0,0,0,0,0,0,0,0,0,1,2,11,13,38,43,17,60,0,1,6,4,0,2,0,4,2,0,0,0,0,0,0,0,0,0,1
"http://www.aliexpress.com/w/wholesale-google-nexus-5.html" , 0,0,0,0,0,0,0,2,1,1,0,2,0,1,2,3,0,117,0,0,0,8,0,2,0,0,0,5,0,0,2,0,0,0,0,0,1,0,0,0,0,0,0,0,0,1,0,0,0,0,0,0,3,4,0,140,0,0,3,38,0,2,2,2,0,0,0,9,1,0,0,0,2,0,0,0,0,0,1
"http://www.aliexpress.com/w/wholesale-google-nexus-5.html" , 0,4,0,0,0,0,0,5,0,0,0,2,0,1,1,9,5,16,38,37,15,1,0,1,6,2,0,3,4,7,0,0,0,0,0,0,1,0,0,0,0,0,0,0,0,2,0,0,0,0,0,0,1,12,6,24,38,37,18,60,0,1,6,4,1,5,0,4,1,7,0,0,0,0,0,0,0,0,1
"http://www.aliexpress.com/w/wholesale-google-nexus-5.html" , 1,0,0,0,0,1,0,0,0,0,0,0,0,0,0,1,5,0,1,0,3,1,1,0,0,7,1,0,1,0,0,0,0,0,0,0,0,0,0,0,0,0,1,0,1,0,0,0,0,0,0,0,0,2,8,5,1,0,8,1,64,0,0,58,1,1,0,1,4,0,0,0,0,0,0,0,0,0,1
"http://www.aliexpress.com/w/wholesale-google-nexus-5.html" , 1,0,0,0,0,1,0,0,0,0,0,0,0,0,0,1,5,0,1,0,3,3,1,0,0,7,1,0,1,0,0,0,0,0,0,0,0,0,0,0,0,0,1,0,1,0,0,0,0,0,0,0,0,2,12,5,1,1,8,3,68,0,1,55,1,1,0,1,4,0,0,0,0,0,0,0,0,0,1
"http://club4g.org/board/non-automotive-related-sale-wanted/84881-iphone-6-6-galaxy-note-4-s5-s6-s6-edge.html" , 0,0,0,0,0,0,0,0,0,0,0,0,0,0,0,0,0,0,0,0,0,0,0,0,0,0,0,0,0,0,0,0,0,0,0,0,0,0,0,0,0,0,0,0,0,0,0,0,0,0,0,0,0,0,0,0,0,0,0,0,0,0,0,0,0,0,0,0,0,0,0,0,0,0,0,0,0,0,1
"http://club4g.org/board/non-automotive-related-sale-wanted/84881-iphone-6-6-galaxy-note-4-s5-s6-s6-edge.html" , 1,0,0,0,1,0,0,8,0,10,1,0,0,1,1,0,0,0,0,0,0,0,0,0,0,0,0,0,0,0,0,0,0,0,0,1,0,0,0,0,0,0,1,0,0,0,0,0,0,0,0,0,1,3,0,0,0,0,2,2,0,0,0,3,0,1,0,0,0,0,0,0,0,0,0,0,0,1,1
"http://club4g.org/board/non-automotive-related-sale-wanted/84881-iphone-6-6-galaxy-note-4-s5-s6-s6-edge.html" , 1,0,0,0,0,1,0,0,0,0,0,0,0,0,0,3,6,0,1,0,5,0,1,0,1,2,1,0,1,0,0,0,0,0,0,0,0,0,0,0,0,0,0,0,1,0,0,0,0,0,0,0,0,4,9,1,1,0,9,0,1,0,1,5,1,1,0,0,5,1,0,0,0,0,0,0,0,0,1
"http://club4g.org/board/non-automotive-related-sale-wanted/84881-iphone-6-6-galaxy-note-4-s5-s6-s6-edge.html" , 1,0,0,0,0,1,0,0,0,0,0,0,0,0,0,1,5,0,1,0,4,0,0,0,0,8,1,0,1,0,0,0,0,0,0,0,0,0,0,0,0,0,1,0,1,0,0,0,0,0,0,0,0,3,6,1,1,0,9,60,0,0,0,18,1,1,0,2,6,1,0,0,0,0,0,0,0,0,1
"http://club4g.org/board/non-automotive-related-sale-wanted/84881-iphone-6-6-galaxy-note-4-s5-s6-s6-edge.html" , 0,0,0,0,0,0,0,0,0,0,0,0,0,0,0,1,3,0,1,0,0,0,0,0,0,3,1,0,1,0,0,0,0,0,0,0,0,0,0,0,0,0,2,0,0,0,0,0,0,0,0,0,0,2,6,0,1,0,2,57,1,1,0,40,2,1,0,1,1,0,0,0,1,0,0,0,0,0,1
"http://club4g.org/board/non-automotive-related-sale-wanted/84881-iphone-6-6-galaxy-note-4-s5-s6-s6-edge.html" , 0,0,0,0,0,0,0,0,0,0,0,0,0,0,0,1,3,0,1,0,0,0,0,0,0,1,1,0,1,0,0,0,0,0,0,0,0,0,0,0,0,0,1,0,0,0,0,0,0,0,0,0,0,1,5,0,1,0,1,30,0,0,0,40,5,1,0,0,1,0,0,0,0,0,0,0,0,0,1
"http://club4g.org/board/non-automotive-related-sale-wanted/84881-iphone-6-6-galaxy-note-4-s5-s6-s6-edge.html" , 0,0,0,0,0,0,0,0,0,0,0,0,0,1,4,1,4,2,4,2,1,0,2,2,7,4,0,5,2,0,1,1,0,0,0,0,0,0,0,0,0,0,0,1,1,0,0,0,0,0,0,0,4,1,7,2,4,3,3,2,4,4,12,6,0,2,0,9,7,0,0,0,3,1,0,0,0,0,1
"http://club4g.org/board/non-automotive-related-sale-wanted/84881-iphone-6-6-galaxy-note-4-s5-s6-s6-edge.html" , 1,0,0,0,0,1,0,0,0,0,0,0,0,0,0,1,5,0,1,0,3,3,1,0,0,7,1,0,1,0,0,0,0,0,0,0,0,0,0,0,0,0,1,0,1,0,0,0,0,0,0,0,0,2,11,5,1,1,8,3,64,0,0,50,1,1,0,1,5,0,0,0,0,0,0,0,0,0,1
"http://www.ebay.it/sch/Cellulari-componenti-/43304/i.html" , 0,0,0,0,0,0,0,0,0,0,0,0,0,0,0,1,0,0,0,0,0,0,0,0,0,0,0,0,0,0,0,0,0,0,0,0,0,0,0,0,0,0,0,0,0,0,0,0,0,0,0,0,0,1,0,0,0,0,0,0,0,0,0,0,0,0,0,0,0,1,0,0,0,0,0,0,0,0,1
"http://club4g.org/board/non-automotive-related-sale-wanted/84881-iphone-6-6-galaxy-note-4-s5-s6-s6-edge.html" , 0,0,0,0,0,0,0,0,0,0,0,0,0,0,0,0,0,0,0,0,0,0,0,0,0,0,0,0,0,0,0,0,0,0,0,0,0,0,0,0,0,0,0,0,0,0,0,0,0,0,0,0,0,0,0,0,0,0,0,0,0,0,0,0,0,0,0,0,0,0,0,0,0,0,0,0,0,0,1
"http://club4g.org/board/non-automotive-related-sale-wanted/84881-iphone-6-6-galaxy-note-4-s5-s6-s6-edge.html" , 1,0,0,0,1,0,0,8,0,10,1,0,0,1,1,0,0,0,0,0,0,0,0,0,0,0,0,0,0,0,0,0,0,0,0,1,0,0,0,0,0,0,1,0,0,0,0,0,0,0,0,0,1,3,0,0,0,0,2,2,0,0,0,3,0,1,0,0,0,0,0,0,0,0,0,0,0,1,1
"http://club4g.org/board/non-automotive-related-sale-wanted/84881-iphone-6-6-galaxy-note-4-s5-s6-s6-edge.html" , 1,0,0,0,0,1,0,0,0,0,0,0,0,0,0,3,6,0,1,0,5,0,1,0,1,2,1,0,1,0,0,0,0,0,0,0,0,0,0,0,0,0,0,0,1,0,0,0,0,0,0,0,0,4,9,1,1,0,9,0,1,0,1,5,1,1,0,0,5,1,0,0,0,0,0,0,0,0,1
"http://club4g.org/board/non-automotive-related-sale-wanted/84881-iphone-6-6-galaxy-note-4-s5-s6-s6-edge.html" , 0,0,0,0,0,0,0,0,0,0,0,0,0,1,4,1,4,2,4,2,1,0,2,2,7,4,0,5,2,0,1,1,0,0,0,0,0,0,0,0,0,0,0,1,1,0,0,0,0,0,0,0,4,1,7,2,4,3,3,2,4,4,12,6,0,2,0,9,7,0,0,0,3,1,0,0,0,0,1
"http://club4g.org/board/non-automotive-related-sale-wanted/84881-iphone-6-6-galaxy-note-4-s5-s6-s6-edge.html" , 0,0,0,0,0,0,0,0,0,0,0,0,0,0,0,1,3,0,1,0,0,0,0,0,0,1,1,0,1,0,0,0,0,0,0,0,0,0,0,0,0,0,1,0,0,0,0,0,0,0,0,0,0,1,5,0,1,0,1,30,0,0,0,40,5,1,0,0,1,0,0,0,0,0,0,0,0,0,1
"http://club4g.org/board/non-automotive-related-sale-wanted/84881-iphone-6-6-galaxy-note-4-s5-s6-s6-edge.html" , 0,0,0,0,0,0,0,0,0,0,0,0,0,0,0,1,3,0,1,0,0,0,0,0,0,3,1,0,1,0,0,0,0,0,0,0,0,0,0,0,0,0,2,0,0,0,0,0,0,0,0,0,0,2,6,0,1,0,2,57,1,1,0,40,2,1,0,1,1,0,0,0,1,0,0,0,0,0,1
"http://club4g.org/board/non-automotive-related-sale-wanted/84881-iphone-6-6-galaxy-note-4-s5-s6-s6-edge.html" , 1,0,0,0,0,1,0,0,0,0,0,0,0,0,0,1,5,0,1,0,4,0,0,0,0,2,1,0,1,0,0,0,0,0,0,0,0,0,0,0,0,0,0,0,1,0,0,0,0,0,0,0,0,1,6,1,1,0,9,60,0,0,0,3,1,1,0,1,6,1,0,0,0,0,0,0,0,0,1
"http://club4g.org/board/non-automotive-related-sale-wanted/84881-iphone-6-6-galaxy-note-4-s5-s6-s6-edge.html" , 1,0,0,0,0,1,0,0,0,0,0,0,0,0,0,1,5,0,1,0,3,2,1,0,0,6,1,0,1,0,0,0,0,0,0,0,0,0,0,0,0,0,1,0,1,0,0,0,0,0,0,0,0,2,11,5,1,1,8,66,1,0,0,50,1,1,0,1,5,0,0,0,0,0,0,0,0,0,1
"https://csclub.uwaterloo.ca/~jp3patel/test.html" , 0,0,0,0,0,0,0,0,0,0,0,0,0,0,0,0,0,0,0,0,0,1,0,1,0,0,0,0,1,0,0,0,0,0,0,0,0,0,0,0,0,0,0,0,0,0,0,0,0,0,0,0,0,0,0,1,0,2,0,9,0,1,0,1,0,0,0,0,0,0,0,0,0,0,0,0,0,0,1
"https://csclub.uwaterloo.ca/~jp3patel/test.html" , 1,0,0,0,1,0,0,8,0,10,1,0,0,1,1,0,0,0,0,0,0,0,0,0,0,0,0,0,0,0,0,0,0,0,0,1,0,0,0,0,0,0,1,0,0,0,0,0,0,0,0,0,1,3,0,0,0,0,2,2,0,0,0,3,0,1,0,0,0,0,0,0,0,0,0,0,0,1,1
"https://csclub.uwaterloo.ca/~jp3patel/test.html" , 0,1,0,0,0,0,0,0,0,0,0,0,0,0,0,1,11,0,1,0,1,0,0,0,0,1,1,0,1,0,0,0,0,0,0,0,0,0,0,0,0,5,0,0,0,0,0,1,0,0,0,0,0,1,24,9,1,0,6,30,3,6,0,41,3,1,0,0,12,0,0,1,3,0,0,0,0,0,1
"https://csclub.uwaterloo.ca/~jp3patel/test.html" , 0,0,0,0,0,0,0,0,0,0,0,0,0,0,0,2,0,0,0,0,0,1,0,0,0,1,0,0,1,0,0,0,0,0,0,0,0,0,0,0,0,0,1,0,0,0,0,0,0,0,0,0,0,2,0,0,0,0,0,1,0,0,5,4,0,0,0,0,0,0,0,0,0,0,0,0,0,0,1
"https://csclub.uwaterloo.ca/~jp3patel/test.html" , 1,0,0,0,0,1,0,0,0,0,0,0,0,0,0,1,5,0,1,0,3,3,1,0,0,7,1,0,1,0,0,0,0,0,0,0,0,0,0,0,0,0,1,0,1,0,0,0,0,0,0,0,0,2,11,5,1,1,8,3,65,0,0,51,1,1,0,1,5,0,0,0,0,0,0,0,0,0,1
"https://csclub.uwaterloo.ca/~jp3patel/test.html" , 0,0,0,1,1,1,0,0,0,0,0,0,0,0,0,0,5,0,1,0,4,0,0,0,6,1,1,0,1,0,0,0,0,0,0,0,0,0,0,0,0,0,0,0,0,0,0,0,0,0,0,0,0,0,5,0,1,0,4,49,0,0,11,2,1,1,0,0,3,0,0,0,0,0,0,0,0,0,1
"https://csclub.uwaterloo.ca/~jp3patel/test.html" , 0,0,0,0,0,0,0,0,0,0,0,0,0,0,8,11,1,0,0,2,0,1,1,9,6,0,0,0,10,0,3,7,0,0,0,0,0,0,0,0,0,0,0,0,0,0,0,0,0,0,0,0,10,12,1,4,0,10,13,27,6,42,15,8,4,10,0,3,0,0,2,0,20,7,0,0,0,0,1
"https://csclub.uwaterloo.ca/~jp3patel/test.html" , 0,0,0,0,0,0,0,0,0,0,0,0,0,0,0,7,0,1,0,2,0,0,0,0,0,1,0,0,0,0,0,0,0,0,0,1,0,0,0,0,0,0,0,0,0,0,0,0,0,0,0,0,0,7,0,1,0,3,0,13,0,0,0,1,0,0,1,1,0,0,0,0,0,0,1,1,0,3,1
"https://csclub.uwaterloo.ca/~jp3patel/test.html" , 0,0,0,0,0,0,0,0,0,0,0,0,0,0,0,0,0,0,0,0,0,1,0,1,0,0,0,0,1,0,0,0,0,0,0,0,0,0,0,0,0,0,0,0,0,0,0,0,0,0,0,0,0,0,0,1,0,2,0,9,0,1,0,1,0,0,0,0,0,0,0,0,0,0,0,0,0,0,1
"https://csclub.uwaterloo.ca/~jp3patel/test.html" , 1,0,0,0,1,0,0,8,0,10,1,0,0,1,1,0,0,0,0,0,0,0,0,0,0,0,0,0,0,0,0,0,0,0,0,1,0,0,0,0,0,0,1,0,0,0,0,0,0,0,0,0,1,3,0,0,0,0,2,2,0,0,0,3,0,1,0,0,0,0,0,0,0,0,0,0,0,1,1
"https://csclub.uwaterloo.ca/~jp3patel/test.html" , 0,1,0,0,0,0,0,0,0,0,0,0,0,0,0,1,11,0,1,0,1,0,0,0,0,1,1,0,1,0,0,0,0,0,0,0,0,0,0,0,0,5,0,0,0,0,0,1,0,0,0,0,0,1,24,9,1,0,6,30,3,6,0,41,3,1,0,0,12,0,0,1,3,0,0,0,0,0,1
"https://csclub.uwaterloo.ca/~jp3patel/test.html" , 0,0,0,0,0,0,0,0,0,0,0,0,0,0,0,7,0,1,0,2,0,0,0,0,0,1,0,0,0,0,0,0,0,0,0,1,0,0,0,0,0,0,0,0,0,0,0,0,0,0,0,0,0,7,0,1,0,3,0,13,0,0,0,1,0,0,1,1,0,0,0,0,0,0,1,1,0,3,1
"https://csclub.uwaterloo.ca/~jp3patel/test.html" , 0,0,0,0,0,0,0,0,0,0,0,0,0,0,0,2,0,0,0,0,0,1,0,0,0,1,0,0,1,0,0,0,0,0,0,0,0,0,0,0,0,0,1,0,0,0,0,0,0,0,0,0,0,2,0,0,0,0,0,1,0,0,5,4,0,0,0,0,0,0,0,0,0,0,0,0,0,0,1
"https://csclub.uwaterloo.ca/~jp3patel/test.html" , 1,0,0,0,0,1,0,0,0,0,0,0,0,0,0,1,5,0,1,0,3,3,1,0,0,7,1,0,1,0,0,0,0,0,0,0,0,0,0,0,0,0,1,0,1,0,0,0,0,0,0,0,0,2,11,5,1,1,8,3,64,0,0,51,1,1,0,1,5,0,0,0,0,0,0,0,0,0,1
"https://csclub.uwaterloo.ca/~jp3patel/test.html" , 0,0,0,0,0,0,0,0,0,0,0,0,0,0,8,11,1,0,0,2,0,1,1,9,6,0,0,0,10,0,3,7,0,0,0,0,0,0,0,0,0,0,0,0,0,0,0,0,0,0,0,0,10,12,1,4,0,10,13,27,6,42,15,8,4,10,0,3,0,0,2,0,20,7,0,0,0,0,1
"https://csclub.uwaterloo.ca/~jp3patel/test.html" , 0,0,0,1,1,1,0,0,0,0,0,0,0,0,0,0,5,0,1,0,4,0,0,0,6,1,1,0,1,0,0,0,0,0,0,0,0,0,0,0,0,0,0,0,0,0,0,0,0,0,0,0,0,0,5,0,1,0,4,49,0,0,11,2,1,1,0,0,3,0,0,0,0,0,0,0,0,0,1
"http://www.aliexpress.com/store/product/Unlocked-Original-Nexus-5-Google-LG-D820-D821-Unlocked-Android-phone-Quad-core-LTE-cell-phones/911778_32279478704.html" , 1,0,0,0,1,0,0,8,0,10,1,0,0,1,1,0,0,0,0,0,0,0,0,0,0,0,0,0,0,0,0,0,0,0,0,1,0,0,0,0,0,0,1,0,0,0,0,0,0,0,0,1,1,3,0,0,0,0,2,2,0,0,0,3,0,1,0,0,0,0,0,0,0,0,0,0,0,1,1
"http://www.aliexpress.com/store/product/Unlocked-Original-Nexus-5-Google-LG-D820-D821-Unlocked-Android-phone-Quad-core-LTE-cell-phones/911778_32279478704.html" , 1,0,0,0,0,1,0,0,0,0,0,0,0,0,0,1,5,0,1,0,4,0,0,0,0,8,1,0,1,0,0,0,0,0,0,0,0,0,0,0,0,0,1,0,1,0,0,0,0,0,0,1,0,3,6,1,1,0,9,60,0,0,0,18,1,1,0,2,6,1,0,0,0,0,0,0,0,0,1
"http://www.aliexpress.com/store/product/Unlocked-Original-Nexus-5-Google-LG-D820-D821-Unlocked-Android-phone-Quad-core-LTE-cell-phones/911778_32279478704.html" , 0,0,0,0,0,0,0,0,0,0,0,0,0,0,0,1,3,0,1,0,0,0,0,0,0,3,1,0,1,0,0,0,0,0,0,0,0,0,0,0,0,0,2,0,0,0,0,0,0,0,0,1,0,2,6,0,1,0,2,57,1,1,0,40,2,1,0,1,1,0,0,0,1,0,0,0,0,0,1
"http://www.aliexpress.com/store/product/Unlocked-Original-Nexus-5-Google-LG-D820-D821-Unlocked-Android-phone-Quad-core-LTE-cell-phones/911778_32279478704.html" , 0,0,0,0,0,0,0,0,0,0,0,0,0,0,0,1,3,0,1,0,0,0,0,0,0,1,1,0,1,0,0,0,0,0,0,0,0,0,0,0,0,0,1,0,0,0,0,0,0,0,0,1,0,1,5,0,1,0,1,30,0,0,0,40,5,1,0,0,1,0,0,0,0,0,0,0,0,0,1
"http://www.aliexpress.com/store/product/Unlocked-Original-Nexus-5-Google-LG-D820-D821-Unlocked-Android-phone-Quad-core-LTE-cell-phones/911778_32279478704.html" , 1,0,0,0,0,1,0,0,0,0,0,0,0,0,0,1,5,0,1,0,3,3,1,0,0,7,1,0,1,0,0,0,0,0,0,0,0,0,0,0,0,0,1,0,1,0,0,0,0,0,0,1,0,2,11,4,1,1,8,3,65,0,0,55,1,1,0,1,5,0,0,0,0,0,0,0,0,0,1
"http://www.aliexpress.com/store/product/Unlocked-Original-Nexus-5-Google-LG-D820-D821-Unlocked-Android-phone-Quad-core-LTE-cell-phones/911778_32279478704.html" , 1,0,0,0,0,1,0,0,0,0,0,0,0,0,0,3,6,0,1,0,5,0,1,0,1,2,1,0,1,0,0,0,0,0,0,0,0,0,0,0,0,0,0,0,1,0,0,0,0,0,0,1,0,4,9,1,1,0,9,0,1,0,1,5,1,1,0,0,5,1,0,0,0,0,0,0,0,0,1
"http://www.aliexpress.com/store/product/Unlocked-Original-Nexus-5-Google-LG-D820-D821-Unlocked-Android-phone-Quad-core-LTE-cell-phones/911778_32279478704.html" , 1,0,0,0,0,1,0,0,0,0,0,0,0,0,0,1,5,0,1,0,3,3,1,0,0,7,1,0,1,0,0,0,0,0,0,0,0,0,0,0,0,0,1,0,1,0,0,0,0,0,0,1,0,2,11,5,1,1,8,3,64,0,0,53,1,1,0,1,5,0,0,0,0,0,0,0,0,0,1
"http://www.aliexpress.com/store/product/Unlocked-Original-Nexus-5-Google-LG-D820-D821-Unlocked-Android-phone-Quad-core-LTE-cell-phones/911778_32279478704.html" , 0,0,0,0,0,0,0,0,0,0,0,0,0,1,4,1,4,2,4,2,1,0,2,2,7,4,0,5,2,0,1,1,0,0,0,0,0,0,0,0,0,0,0,1,1,0,0,0,0,0,0,1,4,1,7,2,4,3,3,2,4,4,12,6,0,2,0,9,7,0,0,0,3,1,0,0,0,0,1
"https://csclub.uwaterloo.ca/~jp3patel/test.html" , 0,0,0,0,0,0,0,0,0,0,0,0,0,0,0,0,0,0,0,0,0,1,0,1,0,0,0,0,1,0,0,0,0,0,0,0,0,0,0,0,0,0,0,0,0,0,0,0,0,0,0,0,0,0,0,1,0,2,0,9,0,1,0,1,0,0,0,0,0,0,0,0,0,0,0,0,0,0,1
"https://csclub.uwaterloo.ca/~jp3patel/test.html" , 0,1,0,0,0,0,0,0,0,0,0,0,0,0,0,1,11,0,1,0,1,0,0,0,0,1,1,0,1,0,0,0,0,0,0,0,0,0,0,0,0,5,0,0,0,0,0,1,0,0,0,0,0,1,24,9,1,0,6,30,3,6,0,41,3,1,0,0,12,0,0,1,3,0,0,0,0,0,1
"https://csclub.uwaterloo.ca/~jp3patel/test.html" , 0,0,0,0,0,0,0,0,0,0,0,0,0,0,0,7,0,1,0,2,0,0,0,0,0,1,0,0,0,0,0,0,0,0,0,1,0,0,0,0,0,0,0,0,0,0,0,0,0,0,0,0,0,7,0,1,0,3,0,13,0,0,0,1,0,0,1,1,0,0,0,0,0,0,1,1,0,3,1
"https://csclub.uwaterloo.ca/~jp3patel/test.html" , 1,0,0,0,1,0,0,8,0,10,1,0,0,1,1,0,0,0,0,0,0,0,0,0,0,0,0,0,0,0,0,0,0,0,0,1,0,0,0,0,0,0,1,0,0,0,0,0,0,0,0,0,1,3,0,0,0,0,2,2,0,0,0,3,0,1,0,0,0,0,0,0,0,0,0,0,0,1,1
"https://csclub.uwaterloo.ca/~jp3patel/test.html" , 1,0,0,0,0,1,0,0,0,0,0,0,0,0,0,1,5,0,1,0,3,3,1,0,0,7,1,0,1,0,0,0,0,0,0,0,0,0,0,0,0,0,1,0,1,0,0,0,0,0,0,0,0,2,11,5,1,1,8,3,63,0,0,52,1,1,0,1,5,0,0,0,0,0,0,0,0,0,1
"https://csclub.uwaterloo.ca/~jp3patel/test.html" , 0,0,0,0,0,0,0,0,0,0,0,0,0,0,0,2,0,0,0,0,0,1,0,0,0,1,0,0,1,0,0,0,0,0,0,0,0,0,0,0,0,0,1,0,0,0,0,0,0,0,0,0,0,2,0,0,0,0,0,1,0,0,5,4,0,0,0,0,0,0,0,0,0,0,0,0,0,0,1
"https://csclub.uwaterloo.ca/~jp3patel/test.html" , 0,0,0,0,0,0,0,0,0,0,0,0,0,0,8,11,1,0,0,2,0,1,1,9,6,0,0,0,10,0,3,7,0,0,0,0,0,0,0,0,0,0,0,0,0,0,0,0,0,0,0,0,10,12,1,4,0,10,13,27,6,42,15,8,4,10,0,3,0,0,2,0,20,7,0,0,0,0,1
"https://csclub.uwaterloo.ca/~jp3patel/test.html" , 0,0,0,1,1,1,0,0,0,0,0,0,0,0,0,0,5,0,1,0,4,0,0,0,6,1,1,0,1,0,0,0,0,0,0,0,0,0,0,0,0,0,0,0,0,0,0,0,0,0,0,0,0,0,5,0,1,0,4,49,0,0,11,2,1,1,0,0,3,0,0,0,0,0,0,0,0,0,1
"https://csclub.uwaterloo.ca/~jp3patel/test.html" , 0,0,0,0,0,0,0,0,0,0,0,0,0,0,0,0,0,0,0,0,0,1,0,1,0,0,0,0,1,0,0,0,0,0,0,0,0,0,0,0,0,0,0,0,0,0,0,0,0,0,0,0,0,0,0,1,0,2,0,9,0,1,0,1,0,0,0,0,0,0,0,0,0,0,0,0,0,0,1
"https://csclub.uwaterloo.ca/~jp3patel/test.html" , 1,0,0,0,1,0,0,8,0,10,1,0,0,1,1,0,0,0,0,0,0,0,0,0,0,0,0,0,0,0,0,0,0,0,0,1,0,0,0,0,0,0,1,0,0,0,0,0,0,0,0,0,1,3,0,0,0,0,2,2,0,0,0,3,0,1,0,0,0,0,0,0,0,0,0,0,0,1,1
"https://csclub.uwaterloo.ca/~jp3patel/test.html" , 0,0,0,0,0,0,0,0,0,0,0,0,0,0,0,7,0,1,0,2,0,0,0,0,0,1,0,0,0,0,0,0,0,0,0,1,0,0,0,0,0,0,0,0,0,0,0,0,0,0,0,0,0,7,0,1,0,3,0,13,0,0,0,1,0,0,1,1,0,0,0,0,0,0,1,1,0,3,1
"https://csclub.uwaterloo.ca/~jp3patel/test.html" , 0,0,0,0,0,0,0,0,0,0,0,0,0,0,0,2,0,0,0,0,0,1,0,0,0,1,0,0,1,0,0,0,0,0,0,0,0,0,0,0,0,0,1,0,0,0,0,0,0,0,0,0,0,2,0,0,0,0,0,1,0,0,5,4,0,0,0,0,0,0,0,0,0,0,0,0,0,0,1
"https://csclub.uwaterloo.ca/~jp3patel/test.html" , 0,1,0,0,0,0,0,0,0,0,0,0,0,0,0,1,11,0,1,0,1,0,0,0,0,1,1,0,1,0,0,0,0,0,0,0,0,0,0,0,0,5,0,0,0,0,0,1,0,0,0,0,0,1,24,9,1,0,6,30,3,6,0,41,3,1,0,0,12,0,0,1,3,0,0,0,0,0,1
"https://csclub.uwaterloo.ca/~jp3patel/test.html" , 1,0,0,0,0,1,0,0,0,0,0,0,0,0,0,1,5,0,1,0,3,3,1,0,0,5,1,0,1,0,0,0,0,0,0,0,0,0,0,0,0,0,0,0,1,0,0,0,0,0,0,0,0,2,11,5,1,1,8,3,65,0,0,49,1,1,0,1,5,0,0,0,0,0,0,0,0,0,1
"https://csclub.uwaterloo.ca/~jp3patel/test.html" , 0,0,0,0,0,0,0,0,0,0,0,0,0,0,8,11,1,0,0,2,0,1,1,9,6,0,0,0,10,0,3,7,0,0,0,0,0,0,0,0,0,0,0,0,0,0,0,0,0,0,0,0,10,12,1,4,0,10,13,27,6,42,15,8,4,10,0,3,0,0,2,0,20,7,0,0,0,0,1
"https://csclub.uwaterloo.ca/~jp3patel/test.html" , 0,0,0,1,1,1,0,0,0,0,0,0,0,0,0,0,5,0,1,0,4,0,0,0,6,1,1,0,1,0,0,0,0,0,0,0,0,0,0,0,0,0,0,0,0,0,0,0,0,0,0,0,0,0,5,0,1,0,4,49,0,0,11,2,1,1,0,0,3,0,0,0,0,0,0,0,0,0,1
"http://www.net10wirelessphones.com/Samsung-Galaxy-Note-III-Net10.html" , 0,0,0,0,0,0,0,0,0,0,0,0,0,0,0,0,0,0,0,0,0,0,0,0,0,0,0,0,0,0,0,0,0,0,0,0,0,0,0,0,0,0,0,0,0,0,0,0,0,0,0,0,0,0,0,0,0,0,0,0,0,0,0,0,0,0,0,0,0,0,0,0,0,0,0,0,0,0,1
"http://www.net10wirelessphones.com/Samsung-Galaxy-Note-III-Net10.html" , 1,0,0,0,0,1,0,0,0,0,0,0,0,0,0,4,5,0,1,0,4,0,1,0,1,4,1,0,1,0,0,0,0,0,0,0,0,0,0,0,0,0,1,0,1,0,0,0,0,0,0,0,0,5,6,1,1,0,8,0,1,0,1,9,1,1,0,0,5,1,0,0,0,0,0,0,0,0,1
"http://www.net10wirelessphones.com/Samsung-Galaxy-Note-III-Net10.html" , 0,0,0,0,0,0,0,0,0,0,0,0,0,0,1,5,6,2,1,1,0,0,0,0,2,0,0,1,5,0,0,0,0,0,0,0,0,0,0,0,0,2,0,2,1,0,0,0,0,0,0,0,1,6,9,2,1,1,14,66,1,2,3,0,0,4,0,11,5,0,1,0,2,0,0,0,0,0,1
"http://www.net10wirelessphones.com/Samsung-Galaxy-Note-III-Net10.html" , 0,0,0,0,0,0,0,0,0,0,0,0,0,0,0,2,0,0,0,0,0,1,0,0,0,1,0,0,1,0,0,0,0,0,0,0,0,0,0,0,0,0,1,0,0,0,0,0,0,0,0,0,0,2,0,0,0,0,0,2,0,0,2,2,0,0,0,0,0,0,0,0,0,0,0,0,0,0,1
"http://www.net10wirelessphones.com/Samsung-Galaxy-Note-III-Net10.html" , 0,0,0,0,0,0,0,0,0,0,0,0,0,1,0,1,3,0,1,0,0,0,0,0,0,1,1,0,1,0,0,0,0,0,0,0,0,0,0,0,0,0,0,0,0,0,0,0,0,0,0,0,0,1,6,0,1,0,0,30,0,0,0,38,1,2,0,0,1,0,0,0,0,0,0,0,0,0,1
"http://www.net10wirelessphones.com/Samsung-Galaxy-Note-III-Net10.html" , 0,0,0,0,1,0,0,0,0,0,0,0,0,0,0,1,3,0,1,0,0,0,0,0,0,1,1,0,1,0,0,0,0,0,0,0,0,0,0,0,0,0,1,0,0,0,0,0,0,0,0,0,0,1,3,0,1,0,0,30,1,0,0,36,1,1,0,0,1,0,0,0,0,0,0,0,0,0,1
"http://www.net10wirelessphones.com/Samsung-Galaxy-Note-III-Net10.html" , 0,0,0,1,1,1,0,0,0,0,0,0,0,0,0,1,5,0,1,0,4,0,0,1,6,2,1,0,1,0,0,0,0,0,0,0,0,0,0,0,0,0,0,0,0,0,0,0,0,0,0,0,0,1,5,0,1,0,4,48,1,1,11,3,1,2,0,0,2,0,0,1,0,0,0,0,0,0,1
"http://www.net10wirelessphones.com/Samsung-Galaxy-Note-III-Net10.html" , 0,0,0,0,0,0,0,1,1,1,0,0,0,0,0,0,0,0,0,0,0,6,0,0,0,0,0,1,0,0,0,0,0,0,0,0,0,0,0,0,0,0,0,0,0,0,0,0,0,0,0,0,4,0,0,1,0,1,6,37,4,4,0,1,2,0,0,2,1,0,0,0,3,3,0,0,0,0,1
"http://www.net10wirelessphones.com/Samsung-Galaxy-Note-III-Net10.html" , 1,0,0,0,0,1,0,0,0,0,0,0,0,0,0,1,7,0,1,0,3,1,1,0,0,5,1,0,1,0,0,0,0,0,0,0,0,0,0,0,0,0,1,0,1,0,0,0,0,0,0,0,0,4,22,2,1,0,9,1,65,1,0,49,1,1,0,1,3,0,0,0,0,0,0,0,0,0,1
"http://club4g.org/board/non-automotive-related-sale-wanted/84881-iphone-6-6-galaxy-note-4-s5-s6-s6-edge.html" , 0,0,0,0,0,0,0,0,0,0,0,0,0,0,0,0,0,0,0,0,0,0,0,0,0,0,0,0,0,0,0,0,0,0,0,0,0,0,0,0,0,0,0,0,0,0,0,0,0,0,0,0,0,0,0,0,0,0,0,0,0,0,0,0,0,0,0,0,0,0,0,0,0,0,0,0,0,0,1
"http://club4g.org/board/non-automotive-related-sale-wanted/84881-iphone-6-6-galaxy-note-4-s5-s6-s6-edge.html" , 0,0,0,0,0,0,0,0,0,0,0,0,0,0,0,0,0,0,0,0,0,0,0,0,0,0,0,0,0,0,0,0,0,0,0,0,0,0,0,0,0,0,0,0,0,0,0,0,0,0,0,0,0,0,0,0,0,0,0,0,0,0,0,0,0,0,0,0,0,0,0,0,0,0,0,0,0,0,1
"http://club4g.org/board/non-automotive-related-sale-wanted/84881-iphone-6-6-galaxy-note-4-s5-s6-s6-edge.html" , 0,0,0,0,0,0,0,0,0,0,0,0,0,0,0,0,0,0,0,0,0,0,0,0,0,0,0,0,0,0,0,0,0,0,0,0,0,0,0,0,0,0,0,0,0,0,0,0,0,0,0,0,0,0,0,0,0,0,0,0,0,0,0,0,0,0,0,0,0,0,0,0,0,0,0,0,0,0,1
